Date,Path_1,Path_2,Path_3,Path_4,Path_5,Path_6,Path_7,Path_8,Path_9,Path_10,Path_11,Path_12,Path_13,Path_14,Path_15,Path_16,Path_17,Path_18,Path_19,Path_20
2026-05-01,35.5,35.5,35.5,35.5,35.5,35.5,35.5,35.5,35.5,35.5,35.5,35.5,35.5,35.5,35.5,35.5,35.5,35.5,35.5,35.5
2026-05-02,35.525361695498866,35.38463638480882,35.56989178709321,35.528651628176014,35.42331032394925,35.34786633916057,35.380206918342,35.407424889027205,35.61149438555018,35.44468197357083,35.50314437456967,35.52193768334284,35.5152289451939,35.42767151576674,35.59981670460883,35.25492271602703,35.45070136059318,35.701570276550974,35.52925145436634,35.465058565029295
2026-05-03,35.426094632515635,35.32050140390761,35.59191714121045,35.587785340293856,35.46042120689968,35.43711683096357,35.542420657039585,35.38877840542337,35.5874235755764,35.38381965057633,35.5392090066896,35.406738192407886,35.54581305940953,35.50328984693938,35.62362155307799,35.24229889574179,35.46083427396575,35.72075236595021,35.67664254006124,35.621083164576255
2026-05-04,35.49305980722213,35.347385815131865,35.522312444886744,35.54964328086235,35.498404808085816,35.46831110339736,35.60045403277341,35.32271208203455,35.67662421575967,35.479318923999195,35.6127566278861,35.44389312067277,35.417108177264105,35.46683045711569,35.64473052314229,35.22521261896841,35.63658846899196,35.679675442211284,35.807062520875185,35.52434000609966
2026-05-05,35.577427620694735,35.45206106192801,35.397493204544695,35.616703573204916,35.446796889947514,35.39849936823915,35.59607885072663,35.45951194678266,35.60859896085869,35.5116272526946,35.53448154829073,35.68503590956996,35.27245747143841,35.42272705755729,35.57202010445289,35.29973557262714,35.602857288330554,35.6189045984038,35.83891395498797,35.43412788902993
2026-05-06,35.39350082673905,35.50580501221268,35.472459648094905,35.648403565941415,35.34887644404037,35.37028582870431,35.74065585023091,35.52626522419301,35.46739114146553,35.31976270418629,35.49943647156616,35.80705267988405,35.1892764955733,35.60138683318941,35.55751995015696,35.12467864787406,35.6265206142817,35.44415778669531,35.80596212655186,35.580852996744554
2026-05-07,35.271182086150255,35.291293440592106,35.50208616947356,35.530056150895284,35.56050440457731,35.229924171134094,35.75130297132356,35.583686839000165,35.47776572380981,35.2051521288963,35.24704049637845,35.86963805448902,35.09966019967806,35.63070442565697,35.58783382706823,35.23051276520192,35.80882854386366,35.41584380332274,35.74204858937693,35.635554330866434
2026-05-08,35.281341137296444,35.31761091470962,35.72056813680189,35.66096175354592,35.58763280614813,35.134420712312846,35.74441569647791,35.638102999387314,35.312815691851235,35.34206692454868,35.18846411160486,35.856698886937956,35.04008608884166,35.65863283657322,35.651031385151505,35.304636259971346,35.752895755954874,35.519353132870975,35.70959758476851,35.829600565650956
2026-05-09,35.250580969444314,35.32238609712938,35.75564899689985,35.61064197798085,35.516353783234386,35.08430082262745,35.678666710073436,35.63100245884966,35.28889642968338,35.37714854843416,35.139200384217794,35.67094837616514,35.097821688901014,35.6205057552913,35.63859043852705,35.41835666384704,35.91827645158615,35.5719093635795,35.756258255939606,35.78281735532866
2026-05-10,35.24754232054855,35.35865925298639,35.78753908502175,35.45372727091991,35.598361330549935,35.19634547188136,35.729002217963995,35.645772927618495,35.40586678357841,35.304679577209306,35.04496896923107,35.5442903664935,35.08170134254104,35.56158989520534,35.7354223903669,35.41106645569163,35.91357333023912,35.5705243436521,35.67674228801495,35.790163395559745
2026-05-11,35.167707081002895,35.505977030854005,35.76748752368278,35.35458335012682,35.584809868983186,35.1364755461871,35.76930973164883,35.53204911852815,35.22754987407531,35.28719553562013,35.0597495090876,35.6603262155115,35.09911542988573,35.35611207832146,35.73198763919591,35.50247967150016,36.07572837586919,35.47505442061013,35.743455377972296,35.72404562172838
2026-05-12,35.247448724295985,35.31246827146164,35.839422662420404,35.258463418718286,35.55800009494684,35.194347331660104,35.76631096734189,35.32689903113841,35.108783337671994,35.28671904980735,35.05418620841768,35.58316909124988,34.986517441217345,35.4435079955594,35.80181028374451,35.363587943355874,36.140311561788224,35.493325097497625,35.93869513033654,35.73328709471044
2026-05-13,35.317570393219945,35.25621859067727,35.89315253490283,35.26172616537067,35.60700528309,35.14376861011707,35.68832473028886,35.338820121738486,35.01366191269719,35.35282423075282,34.84775504414444,35.51498410994815,34.94435719972699,35.48242859468781,35.75153822955784,35.427319156581746,36.162826058350774,35.584399230228335,35.92757749805782,35.564120246945876
2026-05-14,35.321792578401734,35.30908884058058,36.00548803185539,35.23498701125396,35.48373664128244,35.16560376154614,35.69650662007337,35.366723844534825,35.007683822861416,35.22571244015426,34.86806567496927,35.49668543839481,34.99812463349189,35.46307374399823,35.57861250104661,35.35364669871234,36.15005830862619,35.62106794624914,35.79654197982603,35.62450147957968
2026-05-15,35.42393764907237,35.161877754452846,35.950864144008335,35.202628888756024,35.51361453871798,35.151607068359226,35.68604458102001,35.476343939327066,34.97413471569123,35.147154640125656,34.7843136419909,35.3956171013074,35.0523842262744,35.44771363411128,35.600223061337225,35.19959579371188,36.084753228901334,35.63302302865075,35.66666345747584,35.6510152435067
2026-05-16,35.46472021608001,35.29653256298691,35.90466822515739,35.25836049512736,35.68834670495291,35.23081739910084,35.55821284286918,35.61933511342711,35.10206143807305,35.17126818370745,34.829477072166476,35.28022032000469,34.98577623949171,35.5132756994345,35.66422422116241,35.095298101073816,36.08575129023492,35.55540562253188,35.735197485766015,35.6419533182083
2026-05-17,35.38262934352192,35.32872310990196,35.85469558159462,35.288102405711896,35.72785866080451,35.18030899933212,35.41874716870979,35.76199229398463,35.18889374468324,35.16105081879089,34.71399357810453,35.27391807513873,35.00049422445821,35.36658040719771,35.71401234685525,35.09516368288528,36.16418025001781,35.63275711203957,35.72544977035845,35.602015576209695
2026-05-18,35.414463681012535,35.404915294137666,35.92389376314767,35.315511232298135,35.68867327033678,35.03516257489515,35.46858699050138,35.66467548990775,35.23323856512798,35.21254817402123,34.71814849343585,35.19034563619422,35.20174502697186,35.310061871598315,35.749308964140916,35.019128244583406,36.15635867990899,35.339196206488275,35.803139738050135,35.51557134820151
2026-05-19,35.32358313297764,35.34987297018174,36.059354723537396,35.35144026175394,35.63757180687757,34.90875628066572,35.225944339751514,35.62812970933692,35.24522971417658,35.09849130585049,34.693921766841726,35.121215150164,35.19890388834147,35.20371736788333,35.71255693637414,35.05328182724618,36.11996732406797,35.372529503784904,35.74877472554442,35.5801046262804
2026-05-20,35.40273567912832,35.422961567737964,36.010225152218446,35.40626230624546,35.595807641435314,34.86072460832565,35.24346938497956,35.669221358659584,35.279943130021884,35.13055150139901,34.72291606655883,35.048923086737574,35.13409427757165,35.36556418911455,35.633422376604166,34.887886964185,36.090010114801935,35.608360528812916,35.82206880995491,35.46825173160059
2026-05-21,35.395792113340804,35.51939759112821,35.96462675024029,35.20972980183477,35.56882922128248,34.74794009470053,35.19808307318088,35.901793956200464,35.199037002793254,35.229910334425114,34.73560387488832,35.09633557524947,35.1173163435531,35.444322456059815,35.681136984690184,34.695293224235265,36.17740179353882,35.46504201409801,35.802615377841455,35.512955345229024
2026-05-22,35.37643100928843,35.53800547224482,35.98864379183146,35.174998983101716,35.53053598585637,34.78640408544392,35.317221582875035,36.03557441102938,35.27663594133093,35.27330437721522,34.71380550995913,35.07444030950118,35.12500124023161,35.238660450123014,35.71697778021249,34.8212919227602,36.286548750936525,35.44003935633414,35.729710253485685,35.70272831381556
2026-05-23,35.311453721995136,35.55666268591475,35.959981813540594,34.9744078267875,35.61253405429564,34.745199295892704,35.26992185240471,36.135096023541806,35.17280010938845,35.28449007023579,34.57637449993143,35.05757626172439,35.11034695000228,35.09833678949636,35.66067597951295,34.904356923176245,36.21617807385337,35.43676907378677,35.688204716596246,35.83736206769383
2026-05-24,35.42243203732036,35.57856400405303,36.0439674865974,34.97771882021103,35.44837543649268,34.962408150766834,35.32905838207374,36.09213998363964,35.24847675816577,35.27398434697006,34.445541373470846,35.11178521542498,35.106751512836475,35.08556212170943,35.760273927108244,34.80933141282296,36.14619147384882,35.39150801335327,35.5730127440215,35.69217462258416
2026-05-25,35.40571283977007,35.49521306310336,35.826954868859474,34.9772982750279,35.52559864136259,34.80433872729619,35.29056743962072,36.00290289720523,35.356243972980444,35.195615664884194,34.395988582659086,35.09804450839111,34.974084886559154,35.04175432254046,35.67368793212156,34.80997853748471,36.17549620413791,35.48505875985166,35.75483780320429,35.638293598995574
2026-05-26,35.36382120705741,35.478709892407586,35.74508107372231,35.07284677627538,35.487413554077655,34.82378219393416,35.29932825513412,36.07139633023153,35.373624015674274,35.18781373058163,34.39839794518603,35.07191763043149,34.88637702761592,34.92053291676586,35.61558785277949,34.90361387018109,36.31328440320868,35.526035298213515,35.74156095212075,35.67386033810465
2026-05-27,35.32923013192553,35.46184240382007,35.66796123371793,35.181173582169706,35.51952824543171,34.722287898387385,35.365489851854896,35.96191384356952,35.35519382877352,35.302502516137395,34.34698671126301,35.11447933090764,34.87328719458918,35.09848708611887,35.76444845669425,34.94221670814434,36.41457296751741,35.537138511908395,35.79749316433026,35.66348357116309
2026-05-28,35.376401248904195,35.49467062352847,35.44889941048062,35.19867876923933,35.412269760715965,34.67900809549276,35.320710679734944,35.9341057103171,35.39006728221748,35.289761971206744,34.40648111937553,35.17500329850554,34.858824610924025,35.12646060786732,35.84123830244033,34.95592846680935,36.28785451167842,35.60805475105553,35.74286583778021,35.52974301285938
2026-05-29,35.40795853745234,35.584534844123134,35.357304111953,35.151551012946705,35.53284588066565,34.69343319055264,35.41078244818093,35.91805728633593,35.12458588727988,35.20622415416961,34.384518687889475,35.160430667083055,34.808017509496125,35.169190677537976,35.80300946210135,35.05607388508472,36.2555824226125,35.606140379780044,35.64069234381148,35.56244094737227
2026-05-30,35.44374418097185,35.48306239583559,35.270905008242366,35.195124292801815,35.645451141602415,34.48512179869873,35.31672322991922,36.06242214477882,35.1514945473463,35.15978946841339,34.301260460438705,35.16682783085709,34.792871683799504,35.10470500925898,35.82530430226791,34.98887838251845,36.16057628199615,35.89928732794226,35.615300881570406,35.55829450778864
2026-05-31,35.48104473338283,35.46871510506036,35.250798752792925,35.14549372548368,35.73111890906911,34.50911155004243,35.34201938669119,36.02305843639268,35.14015131620256,35.17722415687022,34.28003912074852,35.09413828842588,34.79942003641329,35.17022738041118,35.83509246055081,34.991666040139684,36.12878664783188,35.9083683881259,35.714253371518296,35.733128948216844
2026-06-01,35.67707664761911,35.60336722159545,35.35181021449504,35.144449936319546,35.58604501708152,34.68342623894713,35.42519638074854,35.788775525878464,35.13462320328538,35.14187050446738,34.30402204981968,35.01478660914778,34.88124322145227,35.13428468985171,35.57460198835843,34.98996265197836,36.27392792303674,35.921519593817024,35.66170785513723,35.70536408369836
2026-06-02,35.635415517606425,35.5309230932532,35.32716407162522,35.23407701407301,35.65975410231842,34.64401873418168,35.4837932874603,35.831426165818165,35.198591990584916,35.185497757007056,34.33676087834975,35.08492294972737,34.872743559357204,35.10746679960022,35.4872884431415,34.96500607939375,36.13236237246463,35.756371423668725,35.57704154177865,35.810314724393045
2026-06-03,35.58420353288639,35.45174409039693,35.23037002560292,35.18143857866444,35.69367937034122,34.669327488456,35.658867010842066,35.76142920134249,35.190518788409605,35.23239119420917,34.50894002539042,35.125091553147406,34.90965038293739,35.162769357852966,35.479780886876846,34.92953519174606,35.97369209367241,35.70141790474825,35.58817565082589,35.68754125066254
2026-06-04,35.50540057487827,35.467856630182595,35.223753095330544,35.25435473383397,35.54056658972269,34.76384417113392,35.58416420740499,35.76108194110618,35.084826677430534,35.31280826998421,34.45130682715102,35.16603661320572,34.86072826188298,35.012631769426044,35.4440286455547,34.93644182709979,35.890508725191985,35.80445172286898,35.631176834043686,35.58804773605631
2026-06-05,35.55960311193862,35.54338207251843,35.318956173709964,35.315201143761236,35.53521807250404,34.750142611232285,35.45302580983207,35.748671266523225,35.07130190218569,35.44236707218213,34.44755739765845,35.19078510912056,34.91344269622313,35.15863641416184,35.46432455404391,34.93980581933179,35.91237279441235,35.675365965915745,35.78061669885984,35.65175295803719
2026-06-06,35.66129023169498,35.541330241613906,35.227270700295286,35.22549119015836,35.56596266354921,34.698748352116034,35.35856539315591,35.71890128799027,35.076974485882744,35.53201737277769,34.488755715786006,35.19386265306195,34.948038724712006,35.174382566527896,35.566307623473236,34.84456967359104,35.96540632010758,35.471281870075224,35.80922023974411,35.74897828849267
2026-06-07,35.646924361346564,35.66166801792218,35.142316438490326,35.31375279317608,35.61435938995741,34.49484303740781,35.417453632128414,35.78853589990185,35.086953973026475,35.44247258799063,34.48930160480502,35.25668396249851,35.027239635625,35.291056656513746,35.533247278456535,34.91826846686821,36.00100594221301,35.47156072332789,35.864839145998666,35.65554736961371
2026-06-08,35.56519216824858,35.73769968689504,35.19266661022278,35.37632999518236,35.62732730682088,34.55520556624541,35.461077954291575,35.641232259107454,35.1011845251066,35.35647292195814,34.44693003634445,35.341276378363794,35.09223378539407,35.190462349949826,35.4322816211004,34.82975441369718,36.105923425225846,35.59592454584423,35.927296087900295,35.65405249582919
2026-06-09,35.485543416396645,35.812077805253814,35.17115655117102,35.38355166263861,35.650828528179744,34.547298994174994,35.46788409942052,35.5895371303934,35.195825932847875,35.34740717990751,34.31083916293351,35.42340097671497,35.145553818605435,35.10464409890341,35.459827393409014,34.81073649532923,35.933989084919396,35.59645737873818,35.814141512891375,35.522050727210775
2026-06-10,35.54303391853666,35.85927575348028,35.22956399193005,35.31102292863814,35.78443884796465,34.45847164988234,35.36143441307035,35.64973717638593,35.09504896031187,35.303797731511466,34.268744213903815,35.41164188404696,35.135614165417905,34.9976959551186,35.42697582648871,34.78483951944198,36.04026753909617,35.56185082305134,35.71963153426727,35.50226765220023
2026-06-11,35.60891065429147,36.07281156978382,35.22693179488435,35.230131318521956,35.894622619182606,34.47267277217306,35.43014827208322,35.58896876433552,35.110500975830895,35.19732033746447,34.1767027505216,35.53763021259552,35.15721285303744,35.020451589794824,35.410087957304356,34.81840847482903,36.005050631079264,35.38663268854438,35.614680249668375,35.57698527871613
2026-06-12,35.655928785361006,36.047441005784854,35.29011469458165,35.17936593957807,35.62208781386809,34.42295150193447,35.31464103987281,35.43654678808139,35.22813872386554,35.155582755868615,34.02739478586685,35.55573821572159,35.25391862396913,35.026249797477796,35.380770506448656,34.62729739359657,36.06813311616532,35.42616608571154,35.48761507805123,35.53333985745835
2026-06-13,35.59034052901343,35.85360407089848,35.19323225191459,35.228100026873086,35.58905150838183,34.37852861419016,35.41973473043292,35.495889217914865,35.06770184399947,35.111115385816156,33.96193789476951,35.61126553698188,35.192482349214615,34.98357205076589,35.5860993620303,34.7097911862903,35.93778486642265,35.484873874123544,35.55853510451832,35.507205875795464
2026-06-14,35.60853100217362,35.999128236370844,35.19094447998729,35.139008776911005,35.57040275592536,34.43620502720766,35.68234076262428,35.59719685155226,35.083652381706116,35.048896643405044,33.874735720763766,35.63399381002005,35.133657133659845,34.891105750535296,35.37533493534729,34.64999385375173,35.93293830330459,35.317524855004706,35.58225681985394,35.3997923726717
2026-06-15,35.61589922673565,35.950515910293966,35.170440121811524,35.1782614540622,35.40492227589894,34.31909162977451,35.712585483375456,35.58960840088317,35.02953389338103,35.01964458052849,33.93231000541369,35.653348874028666,35.14944067776051,34.77646632328369,35.33733202437268,34.762248927577325,35.949808603832075,35.42035476463045,35.58630992113282,35.33764768569818
2026-06-16,35.632710511490274,35.95525209021466,35.057994168868824,35.06338166322122,35.411278177478096,34.416572366162264,35.7629006265916,35.40464621869462,34.99538865949996,35.1272565862457,33.99120164304652,35.581257937809156,35.186606860329896,34.77316537971151,35.335020444681135,34.72008144515219,36.05298189919608,35.488751978628265,35.34306815941631,35.49813319091035
2026-06-17,35.71020235249244,36.07288344340995,34.91484084352179,35.04425196857805,35.524452443337836,34.29432584550887,35.712615034311355,35.4675717131492,34.912778002424155,35.1447049658934,33.91643545735122,35.64309925071468,35.10989204843907,34.73206490219686,35.261124107065534,34.71706089886568,35.898239189744196,35.59093460014672,35.53110468740721,35.50202692204211
2026-06-18,35.726999660612655,35.916353532885445,34.977711346807624,35.0539173363609,35.42088753428659,34.23877200179342,35.540309210291035,35.31162215835902,34.897693410866474,35.37117289144144,33.89912084304528,35.90499105283952,35.10232342156794,34.671328264889056,35.3424492398271,34.89227162444846,35.8960296034554,35.641781235460805,35.445263112259745,35.406432388256285
2026-06-19,35.78620040855096,35.794080614103905,34.945700542467485,35.277842874595414,35.449554891216266,34.414998307482705,35.48137507814236,35.33825234722489,35.06618536609601,35.38475272941081,33.74093835682532,35.86477539423633,35.09303642300098,34.813235874595435,35.4155163504717,34.86750076863445,35.78947220598187,35.69895623421293,35.63294086568955,35.375015196736406
2026-06-20,35.78804701092175,35.640361802983776,34.852793818279814,35.149660940046765,35.36236561288694,34.519433433728,35.377586119802444,35.254550649122315,34.95021289879354,35.35575199047833,33.70407549302777,35.86651611313641,34.890164566453116,34.80665714778581,35.408701079476316,34.98098888937999,35.83221816112477,35.74350813578417,35.49486540156115,35.22571520357687
2026-06-21,35.81057672354701,35.56295020272371,34.844732060907035,35.28397371540014,35.298321279515505,34.530714204998006,35.24208988100297,35.146516957532604,34.84387322891691,35.35406009676713,33.74601566528957,35.819878911156685,34.87065989166973,34.923122380668204,35.38134008380637,34.98453703796075,35.90022340527554,35.82035733778284,35.416873190841265,35.131277277325886
2026-06-22,35.86500148436429,35.60054230368743,34.94816346433532,35.29609267859738,35.432882778477,34.44850428648952,35.39936278966279,35.10509652794399,34.726443956153595,35.37566205445909,33.82534956728164,35.7696539323236,34.85693575138716,34.87486749929394,35.36879282055489,35.0224409107076,36.015872865939365,35.646150615697955,35.21150502274008,35.25534676580707
2026-06-23,35.72402273146657,35.64583116454946,34.74098031731083,35.33223191668966,35.38026462486569,34.40383305971166,35.42225765644394,35.087617729822945,34.88468380445706,35.41367236156678,33.768658766378415,35.90969348491061,34.843021449565065,34.897710537130415,35.35697992433111,35.02859189128746,35.959890592917205,35.503151850231504,35.243509181032145,35.2407239258201
2026-06-24,35.69012707404001,35.66785150393844,34.606872272788465,35.34119949828566,35.420746012872804,34.41352198875189,35.454922623013964,35.02809458066182,34.84313747984091,35.603669012529615,33.86796730971843,35.84155261819807,34.972716735607015,34.89309835928439,35.34767135595062,35.10588841527469,36.04154184973893,35.43215776510992,35.14094017319153,35.4135516673482
2026-06-25,35.642431346228896,35.53283218689228,34.525655011508015,35.380235504878456,35.2458176713714,34.41994987461064,35.42372905839284,35.081664659109016,34.84154245376407,35.52179292167207,33.74024102172186,35.79248074016045,34.86198461233315,34.739352374490615,35.328309899082456,35.04245630774721,36.16382704762864,35.417664135341965,35.04181065591442,35.402351162406305
2026-06-26,35.57941360931441,35.31627696361357,34.65999363783059,35.36384431091099,35.416016927934194,34.414813290742515,35.40530781992104,35.040293795001034,34.80569064057382,35.59849949820679,33.63720761086007,35.64005932104029,34.78769138217806,34.870359464457344,35.3496639160822,34.952250970111336,36.002557128265856,35.451131482634736,34.91620369191921,35.39669781114587
2026-06-27,35.55057250106526,35.319429982576196,34.687288234891874,35.496134138917306,35.46933791546944,34.41509604259257,35.49216785781197,35.129679687100406,34.72096951238063,35.61438122636089,33.70674102700117,35.56603914489974,34.55243482075282,34.85865283641647,35.41715744375338,34.89420673831937,36.05443889983899,35.47857313102563,34.98743044229185,35.45363256973345
2026-06-28,35.686341780829004,35.27411158768493,34.75838620226092,35.45103851418422,35.44975328520609,34.398900471889405,35.486346318408906,35.15463041182475,34.701072111889566,35.46520128078319,33.86087158538901,35.4046390487262,34.51141498061109,34.927257516015786,35.301251584991746,34.90374358437027,36.13873636967683,35.57937020648948,35.05238577504279,35.204678860723405
2026-06-29,35.60191938795364,35.31479053597521,34.65633437247975,35.55331142656082,35.50042974297656,34.27285196175361,35.532716455947146,35.089743381076914,34.92586796251923,35.53390342405044,33.910503054949075,35.460702176863414,34.478337468757324,34.859070961455515,35.20284637398387,34.88404571893908,36.107912774599946,35.68282310199453,35.21808873947552,35.22226617188724
2026-06-30,35.68852962675097,35.37767655504764,34.55699654300569,35.49042815871084,35.36722473639793,34.23050374377333,35.51149938102339,35.00994540051776,35.05323630259505,35.64855134028267,33.91267397330565,35.71800507810635,34.435198295593715,34.84473036620891,35.041390680462,34.949265488487356,35.98778008325172,35.597819477960996,35.15382528751904,35.21642711939275
2026-07-01,35.5282731335617,35.38824402203356,34.599684420531034,35.4820320927235,35.47436919444384,34.316334929553996,35.476880358166554,34.85960698121944,34.97490658991413,35.565227197097535,33.72469397144184,35.67977169325546,34.53781083270875,34.76673706564858,35.120344728943955,35.06859871900613,36.07082224052228,35.61656900589782,35.17293856449261,35.351922211078545
2026-07-02,35.49421927883119,35.45624026305305,34.60700118884675,35.380169870497994,35.44166879055184,34.19760788080273,35.3441596957103,34.886706236349454,35.03406676356521,35.561165703957364,33.553892728945414,35.52109530111873,34.61784450812613,34.88018896458636,35.14251110469985,34.978932920138625,35.95207135327488,35.53436014739501,35.05375331700423,35.43895519959305
2026-07-03,35.50645457929364,35.474820444586214,34.65860239031602,35.419987322718626,35.42025698992969,34.184911622365185,35.16025122555769,34.854943994352695,34.95783746692879,35.39824832833604,33.5728440594504,35.601608057509274,34.62683501070563,34.90907485113726,35.18796848113219,34.91201046884508,35.929956690234555,35.51385188824346,35.02271169166846,35.3317602045947
2026-07-04,35.557892190497284,35.52118021731695,34.643372090376644,35.551351412792854,35.37242383866044,34.11614821606712,35.13526842114129,34.640551917217515,34.796304211213,35.27987951697506,33.54900597934081,35.530721786702216,34.59527537692596,34.94289936619802,35.05582836253574,34.78179029412149,35.920928681624304,35.540731007685224,34.975089995376976,35.44450333142567
2026-07-05,35.62073847976453,35.45295012494251,34.670342485096626,35.541021935298744,35.316714576405595,34.13071139522287,35.1395877678424,34.59399989139689,34.88997797063277,35.374821140528944,33.45997085957658,35.64832731138536,34.69010999000521,35.0671359157282,35.21903973481461,34.967607095733136,35.982825382708114,35.222978380749055,35.01751463359828,35.41769166390305
2026-07-06,35.69099805344966,35.43373099509954,34.686322580199274,35.519672886172174,35.37892122118949,34.100687980094,35.02098981061242,34.51485074992982,34.99622419502168,35.32962337484516,33.47380239414602,35.61841396036508,34.68988804129657,35.17260453880796,35.16181939269763,34.99547162629224,35.91848914278813,35.4439187788997,35.110340842803076,35.33180237821129
2026-07-07,35.65461095976984,35.449422248938376,34.75837153481331,35.41355619352911,35.4003484351505,34.23713680671384,35.01760574111985,34.65955906911647,35.09176834458087,35.22564075480302,33.49189787708101,35.55622470732201,34.61747077986635,35.241841672137724,35.176247838140746,35.039213006427566,35.84919745208132,35.49377257153853,35.20052038650523,35.34803472120776
2026-07-08,35.60790144470783,35.52279814026006,34.832832838239696,35.38998567876697,35.45827322186457,34.286427190311514,35.022301407503186,34.50764330639633,35.04815440753589,35.245378811193426,33.582487027553114,35.536538468144535,34.46475691519589,35.10991778118115,35.25366130921724,34.91657242583138,35.85363421765306,35.435817810649134,35.12198524904288,35.32730965675525
2026-07-09,35.68422253026814,35.48333015336433,34.68671547283203,35.24096709918573,35.454819923988865,34.173006243360646,34.82560732280853,34.38066008568866,35.03252460555425,35.19590867608318,33.601928790209584,35.60378771931874,34.427875858773604,35.04552856357089,35.16148957693641,34.91680170431523,35.943047996131774,35.61193298729754,35.212810904815676,35.46747365971602
2026-07-10,35.662523709814295,35.528829730727956,34.4855074893022,35.15569393033051,35.49970080339984,34.23725885763309,34.743384917788234,34.48361481564666,35.10082433670593,35.151508779081055,33.717184641337305,35.5792234869562,34.498715537678294,34.95348923587937,35.11040356181525,34.963560413043055,36.15282956782792,35.57617743966525,35.20747526750338,35.496314877568196
2026-07-11,35.54026228585033,35.50116715767563,34.578435928633176,35.17552915268276,35.458061578236894,34.172125618771545,34.781601229883734,34.608590532359294,35.136024315398565,35.218429100295275,33.72464877717139,35.52983691818869,34.706851651645636,35.02003544277324,35.12609656865083,34.94059029425188,36.004419817390485,35.585185630665805,35.176415340936984,35.51251466768499
2026-07-12,35.43224592957627,35.48740504144188,34.687933006684595,35.29570633345625,35.66228758380127,34.12506465827924,34.81781501194906,34.54338995449288,35.09909381327768,35.11052913577331,33.721221401730716,35.50837534296023,34.71390699188846,35.035402316021354,35.38813742415042,35.03899773711089,36.028364759879786,35.53664917560112,35.11036583325684,35.5931150547886
2026-07-13,35.34485884635877,35.56148575728767,34.59725987596252,35.553599952261685,35.51293975835385,34.15762213675586,34.71404084372869,34.48882468911514,34.95047912682158,35.0269674154908,33.821749323017166,35.387833182014774,34.64609149978558,34.90821390414897,35.41369761016849,35.25064807865455,35.920570893014954,35.68706161502614,35.058387601001634,35.69135248973025
2026-07-14,35.38871988216072,35.37384911666107,34.431843439490144,35.496065506535906,35.627013333902575,34.118247998508025,34.72983200375787,34.54697819441004,34.961015767500314,35.04078434791362,33.74171221856833,35.42225735706691,34.54094180133174,34.891408883609486,35.560028916052076,35.162162455555695,36.010951805293715,35.67337883304161,35.217679151590765,35.76045562841237
2026-07-15,35.39961677736818,35.25223012252603,34.443702027827,35.62638098391793,35.7508038278028,34.202468656988344,34.82395358729099,34.34018458785518,35.0596710804204,35.129180654609314,33.997073809969464,35.255084286560646,34.59309570107889,34.75612920419269,35.6688522028892,35.06751538398637,35.91717042721753,35.68345938524254,35.244623516682566,35.888804407971456
2026-07-16,35.46112818650255,35.114671403517384,34.53035779311814,35.64547085250279,35.66714974556626,34.13760375548642,34.8954705868341,34.17726809395907,34.94985019657481,35.242018141756795,34.03566286254328,35.212739670519305,34.436275905427046,34.75251752835706,35.699304394862324,34.98681038283302,35.84881774336447,35.791806564915646,35.25922236647484,35.94079990228554
2026-07-17,35.41896785900937,34.90077977786016,34.695128684117606,35.62773025997781,35.87138542684274,34.087047423569174,34.88724712098241,34.15656390604071,35.00829985596774,35.17947540854704,34.07457997855964,35.28128770048993,34.488698465498295,34.60396801928156,35.603319295077455,35.133689581829046,35.78893864954562,35.84198958706343,35.233565446156746,35.95119390993459
2026-07-18,35.431198357608366,34.83949361486918,34.74343785194832,35.66438110943697,35.959723584604156,34.03351812931318,34.84517131322376,34.29941683950226,35.03843081065159,35.26451343438526,34.12617149018384,35.30753092930091,34.565017362683584,34.65378096825654,35.69844426494358,35.228515047987564,35.777346839183906,35.83213353091845,35.45772728583692,36.06221174917855
2026-07-19,35.48658285506292,34.90844005177729,34.71103477244342,35.66635861282673,36.045504915064065,33.98840954626828,34.78872569753751,34.26411170198227,35.10674479350162,35.19087295212402,34.29833565825785,35.36014326106977,34.60662982934059,34.689735826312294,35.55522466898422,35.21468871018766,35.80311148273006,35.931359841063895,35.576016406289625,36.0476516736683
2026-07-20,35.455158634843,34.88288269704698,34.63169327467744,35.6728372586577,36.04222374051977,34.09136712469391,34.83224674135891,34.276996648821225,35.18600016082744,35.3577769566607,34.37301183170725,35.35204583300425,34.588818723912915,34.86442754602683,35.70085218997524,35.21675166050752,35.84376086967212,36.164816319998444,35.50586362743293,36.044849893971
2026-07-21,35.49481229952253,34.90140833430392,34.634610509410756,35.631025881684614,36.01590783827214,34.15213124593829,34.85077769916361,34.38234457676021,35.12116749486431,35.251261659119955,34.232630548638284,35.4580446731937,34.64195657417183,34.94226012798061,35.71549786384212,35.140500191933384,35.83843690213907,36.18818482680326,35.47762440136463,36.20117855369385
2026-07-22,35.4307279205341,35.00115376159145,34.60944342738363,35.49770357616544,35.99048875278015,34.30931423833014,34.9087507255506,34.57510911443161,34.9725320289145,35.372155726011364,34.362254406617154,35.541049594095604,34.659237813167785,34.90392111371099,35.46534953541267,35.22130575010412,35.70956217504758,36.19248852752691,35.455053300739976,36.3478742590972
2026-07-23,35.39469757847735,35.122483056167624,34.51990279331542,35.352179689155335,36.021566299050896,34.51654431552022,34.92114243831449,34.52529610549975,34.923914886107774,35.309461375876886,34.335035887426635,35.5793420213687,34.590674480218475,34.97890557039107,35.43117934018095,35.18508075796086,35.77339064324093,36.20185680015815,35.46592683378669,36.33947549897495
2026-07-24,35.35717669120978,35.115358278732195,34.70741742974403,35.41042722888842,36.14769227788229,34.4263436880329,34.996132979845974,34.526236220818944,35.00532201692823,35.49359252764242,34.348116921151004,35.66223070023372,34.76019177923095,34.85157911445195,35.48918954346465,35.16008103229159,35.7640572384795,36.31902257555806,35.398422164133045,36.28893156009933
2026-07-25,35.24495837483089,35.23883780440448,34.870928687147675,35.38249915086417,36.15830169648982,34.4356593414054,35.00467271542999,34.69322410334806,34.95570659713378,35.54555465901123,34.23706324776779,35.72834347399235,34.72949722173079,34.7648589250695,35.464440138939125,35.21497523763303,35.86827204709024,36.25483905349809,35.43666184873103,36.42041295184897
2026-07-26,35.28830283344358,35.24587977215519,34.975027054644656,35.3252962332863,36.06588247964964,34.333075586727134,35.076266381017746,34.55725532401663,34.89258783456536,35.44833781106057,34.28810899277869,35.68326568991264,34.80121648696664,34.796251587951794,35.52798212311532,35.1964097146041,35.79718803911116,36.2214304536638,35.568642459546474,36.488499097757796
2026-07-27,35.24341232954406,35.167492893885644,34.891114885027136,35.32417503377027,36.13749964831667,34.26697299435143,35.15551394751272,34.65231958439111,34.72763442910827,35.39748895634034,34.233610812523104,35.554491981494145,34.58325761414805,34.601848198962976,35.44625699477709,35.17364444739976,35.643346288499075,36.069545909157085,35.443704267400655,36.51012597522513
2026-07-28,35.243107093328,35.111960909537295,34.96951291627642,35.3956119440209,36.21800559068405,34.214524236418654,35.080828342903544,34.562141491841814,34.888169613523765,35.467400053518055,34.24658228899219,35.59033153985679,34.70077739382664,34.60053708300901,35.32311814932119,35.17354432086187,35.63651576610618,35.952273298353774,35.33698027426161,36.47093974699486
2026-07-29,35.2858862204972,34.97586147988268,35.027967114905685,35.40997814814396,36.273020530037726,34.124396702641675,34.915162250023826,34.5736419331366,34.96390367580292,35.56224503192229,34.22515691619457,35.637699598470405,34.83552435416058,34.5106001943323,35.31464156547701,35.24553798820288,35.75357435334838,35.89835004031304,35.290495553946386,36.49418654478459
2026-07-30,35.325329581411495,34.89492126568607,35.068162371112074,35.34705024279863,36.336428897145744,34.03546457049828,35.05639726270575,34.55395800585112,35.03428472526737,35.55246888020678,34.401573352283116,35.735592064320976,34.83901323160063,34.52225986241684,35.3157035964048,35.39580034306295,35.764308181869296,35.88802178128821,35.24858889878983,36.48366541334322
2026-07-31,35.38480047768008,34.862794804773586,35.18219390946132,35.458292413720756,36.30319938905506,34.027730490931965,35.079452227987446,34.469993858467824,35.122545859750005,35.55344944462715,34.5830933882939,35.644228585195734,34.89060055447971,34.42778940771953,35.281767033202435,35.44761376302608,35.74134300974972,36.04899643606211,35.43137007905644,36.412102431755216
2026-08-01,35.37347637451206,34.93659546746332,35.23944553121984,35.60203891408295,36.20796146848766,33.92498321203378,34.92233273864901,34.384439609477575,35.174642301428236,35.62069171204534,34.58943582492343,35.55636848057761,34.94195860971959,34.46890343417444,35.39325321293279,35.51940047707566,35.65607052109497,36.09350015750186,35.521594968947184,36.41637306188003
2026-08-02,35.33226227091874,35.09402789284366,35.30611494734692,35.64456570570594,36.11922022734648,34.0052807012309,34.857657452296245,34.412462940991226,35.15115116831466,35.62940086062889,34.59732121814869,35.59587148462022,34.883604639882705,34.47340230395166,35.31255376329396,35.49790745682965,35.81621542841956,36.00153958035657,35.606223435659025,36.433582739530266
2026-08-03,35.322971131454615,34.967067447865816,35.363030876610814,35.73154814115606,35.95912184219915,33.92917859481553,34.92858538901792,34.505035362814816,35.13518850283318,35.50578246317911,34.56569422037043,35.585860517313805,34.93395222911362,34.602333210395344,35.33958215311214,35.42956003400129,35.71551275961,35.92756636178775,35.57821459153525,36.389813790536174
2026-08-04,35.16592360954208,35.00298464166733,35.39237276679059,35.84334790114818,35.97592496015234,34.18448954460799,34.903377522811994,34.49592280041215,35.09515675191027,35.42765381924222,34.667828397886375,35.407873892511034,34.86056758398168,34.60498238058411,35.343865547148006,35.487579999431844,35.64392029317802,36.05139081779602,35.54834487565795,36.46784768415882
2026-08-05,35.0323761507493,34.90794993728207,35.225789419448745,35.944392082678,35.962568933378165,34.14853382808268,34.857184708617076,34.504849298800785,35.336595959400036,35.44692158526551,34.63977555553965,35.44018075379861,34.805882602329824,34.53767617424883,35.19860492222663,35.500635436430684,35.6932962743262,36.151549841897015,35.410829196040474,36.58235038983339
2026-08-06,34.91139147650705,34.95159430103851,35.23211816467176,35.99667261722598,35.91586492564773,34.15942812504686,34.985482885674564,34.55887887592334,35.38591568633693,35.55692729378441,34.60355365839892,35.266780174115034,34.90931336795864,34.51782464013092,35.07647526172289,35.36624657066567,35.51694355672968,36.14769118303715,35.48074538531953,36.66606094934082
2026-08-07,34.82103696439802,34.93978717869599,35.1796383021528,36.04726156106072,35.634818595114965,34.04857961087444,34.88997714474677,34.47365205194533,35.34088444783529,35.70395973614752,34.694056924240144,35.1783319494291,34.99857561530507,34.39946354935364,35.077027547487326,35.333858245520894,35.63227735061648,36.09949547155807,35.523464726147935,36.630215052206935
2026-08-08,34.8582325397374,34.773486994408714,35.0612623862539,36.09023471409094,35.515431497481046,34.205509436682206,34.81787611290864,34.542987769648754,35.38183913352465,35.77263789463341,34.64690738173089,35.30151210129224,34.93402158748833,34.43907117288591,35.25827017424171,35.32426500080751,35.68674321203896,36.19936611370953,35.63984462707537,36.69327256087084
2026-08-09,34.77663046956837,34.858927361448345,35.21499238689194,35.98090447118758,35.616478402768585,34.30974972731767,34.837957890665955,34.61927681679868,35.28643347549155,35.79507130607603,34.64529463653041,35.468209754706784,34.86746356724602,34.49503798864161,35.31006023107389,35.27535372574261,35.7666509962985,36.098905134688344,35.616600359252494,36.69114440583479
2026-08-10,34.74343094930935,34.8045949872057,35.372905324809636,36.04118303600739,35.55125959707252,34.339956735207885,34.87423105016371,34.857211165500296,35.42352058534011,35.860551645098994,34.50445231549644,35.353205768551234,34.80938421204861,34.72062032637476,35.149627657002654,35.41035467103104,35.8144111250808,36.129624244983965,35.59991109878579,36.56348926920108
2026-08-11,34.862685310521776,34.75709037280545,35.49639585382108,35.908044254009155,35.581564340031285,34.22294189228358,34.91998961156688,34.82368162041078,35.36003218451114,35.7933525691284,34.570479036710694,35.320778699553195,34.87690747752411,34.66573340400828,34.86459391342304,35.45233629698865,35.79473987101289,36.338064992548894,35.61228219850322,36.61885697944904
2026-08-12,34.830923597806475,34.661416163167914,35.51718701238807,35.82854394308496,35.44938266882844,34.2458391092623,35.00342831666564,34.782926786092276,35.40419160199766,35.77454445232075,34.74820787158243,35.322826382818704,34.78658144227085,34.64321816899998,34.93195970053535,35.576963634969125,35.69109051347607,36.34996770486898,35.69174743289716,36.623652426783586
2026-08-13,34.89881473527674,34.60401573248258,35.63958973547876,35.94589235389606,35.5800985714808,34.149731015391424,35.02143027695203,34.85384665814923,35.50044827883446,35.69331550353388,34.814910069073086,35.48546597883893,34.820016189534584,34.59303365486304,34.923443791740446,35.598123964166426,35.674117919831076,36.26886335997205,35.55117842577077,36.86306139003042
2026-08-14,34.81434042744714,34.644703515973454,35.637064619797215,36.01941086698902,35.56341691170987,34.284761770114194,35.06593872921928,34.9290916126308,35.533228556291206,35.57328152582561,34.9488384630382,35.43707665011871,34.88879512587788,34.61427598791966,35.02788789423651,35.60226792207951,35.57963349123285,36.30053283715175,35.6163568044568,36.99288209151643
2026-08-15,34.79657671298785,34.62941301959534,35.65229199296945,36.153672378602664,35.58711430571912,34.360978653146,35.04175199391279,34.88062893494717,35.538932063030096,35.60097267997506,34.87193193816294,35.39049297071576,34.88125039426698,34.650742710845655,34.94721980542663,35.51194452159822,35.62147515470217,36.248698831200095,35.610935866761224,37.05025184857768
2026-08-16,34.711420318434804,34.66101704976337,35.54701681317377,36.12153424540097,35.80034386431397,34.3728770692563,35.04713697404868,34.84448903909562,35.53684693283037,35.61477561273846,34.8940196045469,35.5315121120732,34.97382508826695,34.64769680675887,34.979335655811035,35.51011273875793,35.69298304927942,36.11005249136505,35.50923494815013,37.06269645990528
2026-08-17,34.68217906117333,34.695487763583124,35.58072004717578,36.00677974073811,35.937708877094586,34.158328024814644,35.056594058888194,34.89444848037837,35.52853954208564,35.675216687891066,34.80871639899094,35.49374193151868,34.94609148255757,34.74783937252059,35.0566393735353,35.508395220746934,35.826819020775645,36.16986925825275,35.313721964978036,37.06681262385363
2026-08-18,34.75991352046062,34.81678703172665,35.583007159590935,35.978504129653686,35.90366888416839,34.075209451981685,35.075844429693404,34.819640026564045,35.47209721637772,35.72223512616021,34.788959541977746,35.557843634024096,34.92677298446065,34.693200555921315,35.01530709148277,35.37905877528944,35.85689236119201,36.268877143856514,35.29930940095277,36.95816548807774
2026-08-19,34.60479563630551,34.786540616678145,35.45895575916336,35.98254195184974,35.84302958455469,34.14128516488482,35.146079763099415,34.78322676275364,35.4278090732181,35.74074860088737,34.86015389687618,35.41788882136889,34.83811278133986,34.78413485667547,34.976199661369776,35.32709312094769,35.9386240794882,36.23229813241519,35.43112538910851,36.77979961050711
2026-08-20,34.6460706320183,34.653797135424895,35.45157640069751,35.98439473169026,35.807821922497354,34.25402593983021,35.196102223535306,34.792420066179965,35.56235693160284,35.78847563061283,34.8700593362084,35.399653810085894,34.9314573554259,34.8340982303372,34.97851566385607,35.29539497247179,35.90546076540032,36.189692020267984,35.583775768360226,36.686099653581024
2026-08-21,34.669373066994424,34.75219174193806,35.44160037166507,36.085399794276775,35.850901215814545,34.35722207419005,35.198968778908906,34.883959144000265,35.549072053153644,35.78001515958574,34.74236275321908,35.24439854990672,34.86192155574306,34.83378980223041,35.02807418182021,35.33175003391028,35.855559972125135,36.09230136560187,35.61344581918054,36.67198419016615
2026-08-22,34.617346851287785,34.72337708523835,35.60565156379851,36.045267453303346,35.836236849059894,34.21815555794022,35.12353243310656,34.829487766304354,35.47312740683668,35.814147319051585,34.62464428008746,35.146023772862556,34.89438455117859,34.80596478939768,35.026491302615746,35.37236137192154,35.89504266085274,36.07200792165744,35.79270093655947,36.461661432733095
2026-08-23,34.48893857316247,34.82589177530443,35.68535389767709,36.072469405903135,35.794563064312825,34.24919617518474,35.12893860146619,34.66327293910277,35.422656825197095,35.74174890906015,34.50201038082063,35.222140734870536,34.88834907939156,35.02797691655544,35.115349995059795,35.316591081413286,35.853799982089114,36.013063213144875,35.78419231086622,36.40165823910845
2026-08-24,34.49808289669622,34.861574538858584,35.682518911849584,35.9734915388446,35.927319901183765,34.344011154899974,35.12554553118289,34.49207324712056,35.52204996822852,35.772022802513455,34.548864145199104,35.216217957437706,34.7931378322991,34.953117646292924,35.072303736694685,35.35796153044456,35.87414567163141,35.912472170178454,35.868844232486886,36.370225252905186
2026-08-25,34.453056988444146,34.85028397838066,35.70180088719032,36.01026401739733,35.911364767666676,34.19915159068701,35.14244709149067,34.38154870496828,35.58172193336712,35.83007052997213,34.73774908866688,35.185606708044176,34.73889453068376,34.980434993481396,34.95044439200773,35.33908411778703,35.77001614201163,36.085008799527166,35.82172159993527,36.34204260265615
2026-08-26,34.476826274771355,34.88270909460718,35.70192684858287,36.00483793268756,36.12227940808439,34.20265254760784,35.34444089991034,34.267172664192806,35.630449362836636,35.76282119246189,34.862765977855844,35.115803032778174,34.86576622481144,34.912019420331,35.131339292192365,35.07351990983396,35.683468723372215,36.12280921159137,35.769003447482014,36.27177520374239
2026-08-27,34.48151003915534,35.06124976062935,35.67903986650815,35.92879326994705,36.12448260413115,34.23128889805775,35.294165506920216,34.25719366915461,35.60292501463918,35.76332485266051,34.691359523999274,35.0948395538723,34.88472826991778,35.075410155612055,35.07512490224752,35.02867215613979,35.738778504399505,36.17043525241672,35.70147214949658,36.23228396396693
2026-08-28,34.62861945242062,35.25130560644453,35.57456508856538,35.901435582637696,36.28675363594024,34.20846905789736,35.33133808995495,34.154980749030386,35.65277785064432,35.70085607161751,34.821788697613755,35.1217829909367,34.79350732862337,35.15612837041809,35.022613616820934,35.127145609175955,35.817345831416354,36.247263855738815,35.50608429057638,36.38861488407829
2026-08-29,34.60889861733009,35.256189622128815,35.557264569317745,35.879082985787036,36.313314469516634,34.04769424807594,35.42802484707444,34.09684738698642,35.58925054395685,35.64786618758766,34.90782118057488,35.211180487858925,34.82224208930918,35.09298899478341,35.016358227115845,34.97253485966741,35.720729319243055,36.313187468581994,35.622604210245555,36.443665498970915
2026-08-30,34.518603168821045,35.26940298943777,35.484932942440864,35.848823497887985,36.39721772140467,34.023782577838794,35.434611733112135,34.03279525158665,35.5617885137167,35.539711083587946,34.76774494447154,34.969567614304474,34.80981864646502,35.139324686415044,35.02228756279005,34.982849568116954,35.7791792225044,36.266649879476255,35.55947401347999,36.38227318229562
2026-08-31,34.53724687998642,35.366976815093444,35.36658539571636,36.01004936215926,36.32058279440498,33.999875555870695,35.64888569772472,33.998789551242545,35.64866262410721,35.65417395004636,34.74139639476874,34.893808079272816,35.125863333838836,35.16207564789191,34.98673080133318,35.12781481770613,35.725064948276426,36.28527997548015,35.48200231641842,36.36796860789663
2026-09-01,34.55947032388656,35.286898948413096,35.41165366942308,35.995085827887124,36.23231557823359,33.992007807176584,35.61004746324919,34.12159653636898,35.726367390821856,35.749709404806524,34.842131948980985,34.908755418245256,35.1511945250157,35.11370639003333,34.98509245733453,35.057355372847795,35.7224814314382,36.25255559258381,35.37017147557319,36.357545180880656
2026-09-02,34.84968857075279,35.484052733298036,35.61422523591218,36.13782793927697,36.441529859491226,34.10902659835835,35.80638514473414,34.3479924878111,35.80051006773419,35.9660630768229,35.05910468455691,35.06632163502521,35.28257347395154,35.350026312649966,35.1480034016477,35.22405749697348,36.02138375058847,36.459754789517085,35.517495292452956,36.449855213933446
2026-09-03,35.09284427755637,35.64794721886045,35.61401194844536,36.105446981856716,36.701533375718135,34.236683512734906,35.8975257316082,34.51655325243197,35.88635669298723,36.31836004198927,35.10562129729062,35.27004232660626,35.58061243420004,35.55252549464809,35.33067471210318,35.2703562672553,36.263551480173746,36.65786785115613,35.84833092895361,36.541908789071044
2026-09-04,35.292416811174036,35.84358619799117,35.768883218062776,36.18682554856502,36.87075108060657,34.400418847622355,36.03054994726335,34.641983860499735,36.06267763164796,36.46606016238426,35.328589137265624,35.46138103001033,35.57566667299859,35.73900522669011,35.2795536924666,35.58772008645982,36.505035515638205,36.78651016691792,36.21173725436087,36.80431671715683
2026-09-05,35.59476054225034,35.931636954086166,36.02868494064626,36.32784524969283,36.91196801603173,34.607671983705615,36.220168520547475,34.76982997429982,36.392279289761845,36.922676124225944,35.297865324794344,35.599628496145144,35.75094783755004,35.90142897009938,35.620644952983234,35.74642182334995,36.85378688134978,36.82397050566089,36.220382295229236,36.929226740067364
2026-09-06,35.650618537655234,35.94856033534346,36.295090148232156,36.42857115992483,36.94602291104711,34.747384786516804,36.46666971966504,34.96693280199867,36.375934195775415,37.066064858539434,35.444088702873714,35.717096769791524,36.104810500566664,36.10836399288278,35.77347683974917,35.91726974400509,36.9513324676945,37.00358407025003,36.352817088160236,36.98882283670279
2026-09-07,35.757577975699014,35.92020311562953,36.558949401102495,36.72675000421023,36.97361234528222,34.8774511729043,36.66316314299174,35.187735625350996,36.568546938608876,37.25625845075667,35.71683388745827,35.860759656040166,36.26012634745145,36.29638799901503,35.994557037739206,36.211469151137216,37.02149462081065,37.149239466937644,36.420483505517225,37.15011560426608
2026-09-08,35.83758271825897,35.98176229128459,36.72871728366539,36.87675583277444,36.96836052319272,35.053308453616246,36.950290329979886,35.27130388221874,36.60292882781361,37.382786094677705,35.885336657834124,36.135562971208884,36.262080841335255,36.46829197191805,36.03131852571502,36.440663996888205,37.11708403470213,37.13110783615371,36.68111775802242,37.32706189209647
2026-09-09,35.967807667943084,36.105231584136696,36.81348557082511,37.167369045952555,37.14475785672612,35.044659201180075,37.106901437963714,35.44194764167548,36.70826966818167,37.584639993115026,36.00522027693672,36.23286694620718,36.390928212579794,36.573343419495174,36.153523538918094,36.52342343495065,37.25797383113914,37.346164594871176,36.87474990551662,37.300006021732536
2026-09-10,36.00511081767618,36.244239537490095,36.875166938437324,37.33911779761149,37.42019839557693,35.2560907312418,37.24041261247305,35.42098084850949,36.839418651889055,37.83232872180202,36.256080339984194,36.39353469658895,36.6964152544785,36.902382687958024,36.256571061023635,36.62788199154542,37.19442199185731,37.606314811405525,36.979313279947775,37.461623824367614
2026-09-11,36.2320832352764,36.59551337743124,37.07467063574319,37.508475735158086,37.58451235277243,35.423611198994465,37.67106065711141,35.60809396448045,36.965060297259726,37.98621779358575,36.515591080008534,36.577666516533945,36.89895994076937,36.96708885676181,36.56327067979451,36.84184796848234,37.34007306408152,38.02173646121067,37.152429466485216,37.712517529776676
2026-09-12,36.37792222411813,36.86835588578208,37.27768496316569,37.66544289475886,37.52814535506819,35.594894853672876,37.87551817943644,35.8467601984113,37.07963577155922,38.328650821165084,36.8078672140084,36.89418456992703,36.98424386347438,37.174793787833885,36.67381207294466,36.948006948516515,37.452693497001945,38.147907854238255,37.27203881987557,37.92261083400912
2026-09-13,36.40491585210856,36.9420151980962,37.56975805532907,37.831504969354114,37.6752244799665,35.852270011806816,37.96963136286996,35.98787218202276,37.24663461918217,38.51761230206538,37.058875454133066,37.03163934822757,37.08427661235185,37.30980981140316,36.91344289340767,36.9099790037752,37.69561320580976,38.25924181806946,37.596152578510065,38.31024492652354
2026-09-14,36.475237643877755,37.14229198134309,37.844167768015964,38.16795559507089,37.82499653231838,35.836785299072865,38.06613310341685,36.32709539181126,37.36071566280326,38.70979945917004,37.330532636014695,37.29131935417121,37.196375365699666,37.64847796186634,37.01719594201143,37.07145689669609,37.896262120648544,38.31336545825228,37.81600678910915,38.60116816421074
2026-09-15,36.67242111971723,37.26925102076577,37.99688211355719,38.102121398423805,38.19916968063618,35.81958624628825,38.13779379842011,36.410613424522005,37.38413944705544,38.782528962813565,37.568676088642064,37.57832747789762,37.39811183787602,37.72548284306609,37.139998475342,37.094555340913956,38.00242328045197,38.49960958091873,38.04829906290957,38.912945645508394
2026-09-16,36.9202512993522,37.40809065765327,38.0390251409735,38.06850888517604,38.21918947775548,36.01322340560695,38.39717366858087,36.598791761309485,37.62710945143373,38.9899816281056,37.761120953933855,37.73833294147732,37.69596822586777,37.818988654790196,37.282839189014645,37.41879738733032,38.22703998056803,38.68527052812677,37.94909039792826,39.36421957300642
2026-09-17,37.28108553131843,37.59289696535944,38.17318426800162,38.18028361102311,38.34583325108835,36.180478891877,38.52607336402535,36.7627747953635,37.86782451349839,39.141115329515394,37.936239954643874,37.88378456472678,37.96640613655182,37.88919280332992,37.57525400214746,37.6027601644909,38.465298352082236,38.76832096612195,38.10850381600511,39.606831200654184
2026-09-18,37.733805609394715,37.82056105030841,38.36090038131933,38.34770940972629,38.68340098237796,36.364577408799335,38.704503138743334,36.92055121720873,38.1179088767012,39.243602497777644,38.07890630647798,38.01743480109849,38.17801449400654,38.087620413543036,37.55624957485899,37.68027178407964,38.55355569546753,38.91583437718016,38.483155860187125,39.78796203297685
2026-09-19,37.94145077159989,37.95350236820005,38.5065381167838,38.58307807862541,38.89460226715308,36.48852567240833,38.86360221956091,37.076955310981454,38.13054256482316,39.3287145643621,38.12438843927549,38.1582922452436,38.21117922496209,38.11708202910787,37.59381224546184,37.77804872530373,38.669501500610934,38.879879371149194,38.782914834985284,40.05374145907769
2026-09-20,38.009791697538944,38.22604566916519,38.61423260576618,38.796805750581264,39.117545608395666,36.720155476820025,39.103692712934375,37.254856618810784,38.32681332375033,39.76992696092427,38.19546640484587,38.410164789681204,38.24474413306095,38.235720619900725,37.56942090602958,37.7582342754632,38.610438193906155,39.139877296361774,38.761295424065345,40.15907846127198
2026-09-21,37.96472780400014,38.27829805929266,38.8058478816657,38.923565366397845,39.29469703437141,36.978031909670825,39.182457355927475,37.50523935992486,38.561117351810076,39.907041279541886,38.333753630064784,38.59968129483738,38.46467051677263,38.187128403202856,37.62967953264206,37.81658040918539,38.6662763845207,39.22630078170628,38.89531969682326,40.334432464108346
2026-09-22,38.15831711866019,38.445531704627754,38.920619626164005,39.19347084691772,39.49405483512088,37.19291565610936,39.23770813870423,37.808332187342444,38.62333379578059,39.91957004808534,38.52454998445549,38.78971314588068,38.49568065072707,38.377894887349356,37.71703010569716,38.08453941874664,38.757272389928154,39.38820003227761,38.93893238147197,40.43002296327368
2026-09-23,38.244036770899775,38.874713063136575,39.0226566388311,39.465102318532836,39.739912567399664,37.33542634590737,39.42641563407467,37.97541132723961,38.79065289484317,40.01136307732408,38.836777003874765,38.84170735575448,38.639473488674135,38.49429834571959,37.72518318243581,38.47492802544952,38.931036921018425,39.40669106859503,39.279915103560825,40.636235295690966
2026-09-24,38.369452352367865,39.063728941183214,39.220620645208655,39.649687810411116,39.82091149589698,37.2977314836848,39.654141798523575,38.22394982380272,38.94522419444768,40.170782851776906,38.99885567580226,38.90969114168224,38.83684641524727,38.511224590311045,37.820250568721704,38.71498941595726,39.000937346699864,39.51223481920779,39.47084922031116,40.73084425408937
2026-09-25,38.47503140362992,39.3769532268017,39.3453923496956,39.91532620606094,40.07790655261252,37.541202897402904,39.85420952382825,38.32095725714534,39.30005828161159,40.393164546331064,39.267863975434274,39.295275272516875,38.887782629280174,38.78784475533083,37.788761450479235,38.87232734241793,39.114833777808684,39.64899091659737,39.55727004568353,40.821631928526415
2026-09-26,38.62799034617149,39.55246203923549,39.536670109365375,40.109211528512,40.09914688110282,37.82974967110177,39.93522545566678,38.56527547457143,39.66488524137461,40.61662246130541,39.54527032380064,39.44313939951907,38.95022198401218,38.821953043215295,37.85598163239553,38.99504139947927,39.15584557908214,39.813533887868914,39.72664522201929,41.029963608685364
2026-09-27,38.90321441852613,39.77873958321526,39.73104777651728,40.215564244874756,40.29898122574971,38.061758138803555,40.17171532501515,38.65559610575963,39.65819903457194,40.853280145833274,39.68735339044733,39.529338877166744,39.10741306086284,39.070055363051004,38.143285417715255,39.06417403862823,39.33995070382003,40.02931206995774,39.62200578350483,41.17916404117473
2026-09-28,39.08628344342849,39.938783541063124,39.778639347499706,40.45452660564229,40.48311676070716,38.14212731238659,40.258940773439356,38.93357562420625,40.084293198422266,40.948799987365874,39.915318353995765,39.844117557907055,39.3258664790397,39.165210046086585,38.35156829014494,39.44243589935663,39.55037938383898,40.346142506877385,39.67570001810322,41.13576110434547
2026-09-29,39.237084152677866,40.08691843576589,39.89468898966248,40.63150985586829,40.583027272301784,38.37765924997969,40.3695008122892,39.326977370866416,40.154062037282735,41.14988591769305,40.05585232845916,40.039633160036765,39.60214617600982,39.49685615750549,38.538308738894266,39.58953887138449,39.75856335484645,40.589071983556686,39.84579496492839,41.143490326953405
2026-09-30,39.29782405693239,40.17111653056873,40.21148464461143,40.79687949041969,40.74591108154891,38.632371041535265,40.43538541231767,39.48135891857651,40.42324681972559,41.220036041260336,40.36085953867744,40.26636898049412,39.831797173135,39.741246603936915,38.605065776123595,39.97622285161862,39.92626301424745,40.85679569592197,40.10047467317948,41.184512051586175
2026-10-01,39.29297075833167,40.38251037521543,40.255274936026275,41.11981341988045,40.844799369026795,38.95849138960329,40.739174245590306,39.42217770776528,40.69189043778651,41.31777700904565,40.59397153486346,40.417762030214575,40.00601677043196,39.803073305009015,38.61800942592866,40.28878142255412,39.93179138938555,41.176989239236214,40.06321538727713,41.25401002742137
2026-10-02,39.24683482793706,40.29065953713397,40.032049972002,40.85141180958031,40.7259633231098,38.87500789209443,40.80233803905218,39.3688393921603,40.582377739400606,41.21152935033496,40.46468434522284,40.381741931544624,39.928036566690054,39.70888341768132,38.51066351502266,40.10449752861123,39.86748913101813,41.231569937443155,40.02291205228401,41.29153864716233
2026-10-03,39.245267555525466,40.35895415605349,39.83774772327797,40.69576802667756,40.68427152110685,38.85796621210712,40.86222312673839,39.49887227837286,40.63129389573128,41.07711294392573,40.479049632547905,40.3616471384687,39.81688581759149,39.77311826188649,38.51417018560183,40.0341685959297,39.825730392240175,41.220654068237465,40.12822289418449,41.30782242075398
2026-10-04,39.43067778356109,40.47128384210203,39.8415218359458,40.565963087056616,40.56335765845277,38.93982716682171,40.990494390132646,39.55849941011589,40.61628393208151,41.185209317976565,40.650704865330525,40.21418413033176,39.76470915062839,39.74699924139211,38.60935730070737,39.964023557149645,39.78465945107273,41.322400229290594,39.97571144958159,41.41537484431547
2026-10-05,39.4470356301783,40.50727609480795,39.84546358334452,40.524286313103175,40.594295702012836,38.951240548400676,41.28675012603513,39.58646250813039,40.671534615603235,41.25255172381579,40.627769009915035,40.203650019662945,39.80840899371178,39.73068280376964,38.70771075942842,39.95575886714307,39.79348053677667,41.43074634650631,39.9996184586173,41.48877900976844
2026-10-06,39.551180769104775,40.474111177053715,39.833944696129514,40.494357416345416,40.46927104013283,38.84335811716826,41.095795357189225,39.692896175648485,40.692181190878514,41.35070122364014,40.67165743081933,40.233461168747475,39.844295834416954,39.864117297896435,38.778270926861744,39.94957681363322,39.94275462397817,41.4928077444002,40.00636983210036,41.596528544303496
2026-10-07,39.50199012471343,40.519332808351116,39.96110673795184,40.332573746760886,40.541796132073486,38.89149868036905,41.01050835275314,39.74463584296803,40.81543046873253,41.34730263297656,40.725782439630095,40.42675532570875,39.627302291729784,39.786926777597955,38.71014440544717,40.26324321382773,40.02765235437287,41.32722034439433,40.1855450663283,41.65356406552706
2026-10-08,39.382613808607154,40.48372358294151,39.68347750084804,40.22708169775119,40.41390841243227,38.95610545360263,40.93891323175696,39.87236926897535,40.81882271815604,41.42355263455396,40.611656460598255,40.43334598471974,39.54804042011457,39.797429752649,38.71942163579509,40.148664221694794,39.924366519379525,41.22909822413069,40.160271172732465,41.666997666370776
2026-10-09,39.286773483906615,40.57985930168743,39.726080412728024,40.135455241704555,40.3518344618045,38.970541070865266,40.84282117557737,39.9686929237352,40.79629429360866,41.225619978957816,40.66229797742464,40.18535144752441,39.67484812614788,39.89764663953951,38.6937151228393,40.17170530429563,39.99537229989965,41.19259379129426,40.14128112330048,41.777224045143726
2026-10-10,39.21622534189059,40.383108094053604,39.889611757232764,40.39273127317889,40.28406510829108,38.998293349143026,40.723376694383354,40.12772803483925,40.908583785543044,41.311608947756206,40.51092178261372,40.1743472451373,39.684682194182955,39.982384468135265,38.6802898144776,40.235295674934214,40.06213292671667,41.269706220147896,40.23001057595672,41.867477382254364
2026-10-11,39.43873928726669,40.345525246330304,39.77287486014446,40.580756128709986,40.42188467650593,38.977243705797875,40.68742963794815,40.164473931199815,40.965413922353456,41.323281978019345,40.44190857477307,40.461426123487556,39.53980922340049,39.96569733013029,38.89341585990497,40.233704701022496,39.97749181536952,41.2602255333428,40.0896412885668,41.89799633276424
2026-10-12,39.357212721809795,40.13448447688168,39.734581592617424,40.53385514323403,40.45427742212746,39.13326815878008,40.554571640650764,40.25841067649666,41.0382213758449,41.383452602942555,40.55300248361239,40.55031098688822,39.78596803174182,39.93563422479489,38.72082498320684,40.243854712868576,40.066116762246445,41.37564197122434,40.06591771605226,42.02639046993777
2026-10-13,39.44676296823735,39.977366471201215,39.65791185267271,40.49235235391481,40.42930419095377,39.04595127776369,40.58684763640444,40.22461201068902,40.96125262888407,41.416672968417075,40.58758516154913,40.461453253760894,39.783993645760525,39.755082357472034,38.703860512770035,40.13283088117652,40.04885732511333,41.51006164847086,40.01781037283879,41.758547015886485
2026-10-14,39.35680221556438,40.119863288274274,39.56720196013654,40.368288783429946,40.47944693582508,38.991170998967796,40.58895570894633,40.16017362661179,40.84426014744126,41.30215824771593,40.55198713070242,40.52122628941321,39.82494897220319,39.64686950521466,38.83327028420935,40.14311880318907,39.901398980949956,41.631571405942296,40.003075506372525,41.716967849267554
2026-10-15,39.45593499210563,40.212882732885895,39.53574869593357,40.165668961043544,40.254751935399575,38.9975949085306,40.63654616651625,40.33839123057987,40.77901453586394,41.13370693815794,40.59607475249507,40.43985716096322,39.867302536587864,39.681600845885384,38.69115313910079,40.19579553789684,39.94921845981588,41.75346434809955,40.09156904702863,41.673990217820666
2026-10-16,39.49840209884051,40.13616637405993,39.685665377849055,40.152379032574814,40.248689225920536,39.09241318241977,40.68676630341687,40.359157914043266,40.708588426853,41.05095373304183,40.58629336887396,40.29472389918477,39.82967153392383,39.668923926304444,38.63310855976751,40.228956985318874,39.97197978570135,41.630752385192885,40.148939018821274,41.79001127489208
2026-10-17,39.48484924407733,39.978256314725975,39.877952479236605,40.04701117239896,40.457492210177975,38.944734079097394,40.746901718639755,40.44188885613218,40.788127286870925,41.1055416951213,40.584261929171085,40.256364535641225,39.75492545161357,39.678344972396175,38.58701407914748,40.28745688135595,39.94825886515519,41.67397133199362,40.06963984588619,41.95152414710451
2026-10-18,39.48331010820678,39.67021227737795,39.843543999688656,40.037753026188966,40.46881330046858,38.817356747142526,40.702972088066076,40.45238242494064,40.88762697760263,41.173348128567255,40.650512599016295,40.264436737336496,39.97680877340592,39.78769690668348,38.57198331294685,40.434495282106425,39.94450139826917,41.59851071977343,40.08341603076721,41.7820824366918
2026-10-19,39.41857871995257,39.615654649487546,40.04279759269351,39.87059996855301,40.47327111474617,38.61772503231121,40.92482278705377,40.38790868717049,40.866043503115264,41.02004286628023,40.56972836766842,40.066662250853625,40.081572937112746,39.66564989891969,38.41919940340342,40.530933498428446,39.86979600767231,41.410912524371604,40.238995867270056,41.92607740010227
2026-10-20,39.4675031176209,39.868586991624305,40.04614408030286,39.79198222304671,40.528452126889,38.628305231065696,40.944611366458936,40.38679967872468,41.01395941112395,40.909410081109705,40.570726318942896,39.946212903382765,40.16703606240251,39.642896720302296,38.487258638621796,40.53541625732796,39.93388908322252,41.37189104373929,40.15036500190862,41.78725509911849
2026-10-21,39.42343006455535,39.914430449837035,40.22940507698008,39.8084132957318,40.620215783657514,38.52297021731434,40.74079700102327,40.536128806666035,41.15489243882398,40.827136074427465,40.534411136873764,39.94744730811964,40.22642326508391,39.66422710931599,38.56220869826615,40.408608223132276,39.929586590256754,41.50734791813486,40.16461485817606,41.652931903078354
2026-10-22,39.30054880775398,39.85652926858376,40.218220246407896,39.847375891808724,40.405539394320336,38.49211508850126,40.6301774559927,40.591804708331416,41.17449517678085,40.78439541947718,40.36400499881752,39.905077993604856,40.11988535305322,39.59310999566968,38.620978943600306,40.34302286675605,39.947178893862834,41.548738929478475,40.14334084186078,41.6181329143128
2026-10-23,39.17336945129748,39.90556854986372,40.23064223122428,39.89149857616099,40.22622200611133,38.56655406110394,40.4424994102246,40.40757278755011,41.07966343477354,40.63526908549281,40.26505618528779,39.94658704781148,40.25303985854049,39.7433434624841,38.54062667407558,40.317893890508984,39.98457151316572,41.759248046601485,40.13582142974761,41.57444882659878
2026-10-24,39.195348543401224,39.74375451928997,40.26762078406559,39.75475254060744,40.24692198373274,38.50959621459477,40.44176080734148,40.38251323792974,41.242720262824314,40.48116020702412,40.42854495638123,39.8203448250747,40.16306846330267,39.83893412546083,38.5570198322214,40.342565907197674,39.86425103144646,41.768601326298224,39.96454965788932,41.39687954345991
2026-10-25,39.36139871451505,39.714193866321686,40.60136716243761,39.84470434702011,40.1704375811298,38.540700446048184,40.426347746171096,40.56848801215265,41.2291254348242,40.3916768728854,40.46665333824739,39.8954508925991,40.19173453957987,39.86984519498622,38.474231004245915,40.290235728561264,39.77194862707029,42.026136620814896,40.1119791142042,41.459217283690386
2026-10-26,39.38115922944366,39.725922775289284,40.68819129611484,39.76231170628194,40.30711021205307,38.51829698844784,40.374495099967795,40.54260188479946,41.23574282612589,40.39848016948851,40.32445728608129,39.77285579110868,40.019008163539596,40.057501228163254,38.44889210058497,40.190267218422775,39.54438646067506,42.03411924356469,40.03027320384579,41.5245062927197
2026-10-27,39.372188986413235,39.71835527698749,40.6092566805709,39.82918079632204,40.27215922300922,38.5937243445393,40.58467925916056,40.34948944150513,41.192236644068885,40.271916264806954,40.16081355936547,39.94479475995359,39.80624380671709,39.900703751915444,38.67374718865363,40.0646912409674,39.60503864667733,42.02505662642965,40.13727905830031,41.63021284342766
2026-10-28,39.40483091341786,39.80178965221127,40.708555017846834,39.828870122569796,40.06778360317491,38.64901744844195,40.63949273462449,40.547208398514464,41.089987519459385,40.25812351280457,40.148045766052405,39.766543876587264,39.84023488873697,39.9003047945962,38.690395614584354,39.891973609481774,39.48198032805482,41.87357246040846,40.07137396546076,41.573947288596166
2026-10-29,39.54243224630262,39.838540464442325,40.666104055939435,39.6868908341717,39.93493899850953,38.58641424873802,40.71288971895823,40.61631117176728,40.926691756046225,40.3679081930999,40.31096174555544,39.6544806052083,39.75695393566057,39.938867739686685,38.577585052435595,39.86797982374769,39.498315538387644,41.98443953806014,40.00550521715207,41.56075213337768
2026-10-30,39.56742302514073,39.908813339159856,40.610372960563225,39.655729661867,39.64968342860646,38.5768859141838,40.61005198787595,40.60536337752836,40.989059206443464,40.22888476379288,40.28948304872938,39.69943119480925,39.552335494861225,39.84387822006873,38.60324067176772,39.71598138002485,39.53915602563599,41.918244403977994,40.13216140530592,41.54862566971414
2026-10-31,39.52723592252539,39.83756130515073,40.70325342668229,39.69528820210831,39.62723897265055,38.689602798796166,40.50083973260952,40.5625678060354,40.899769737007794,40.20583202062337,40.425377382460404,39.873691612461656,39.610462273831985,39.87586695082227,38.47466479426034,39.61384627816433,39.603714872025705,41.83669222685901,40.23550194973923,41.72321613652849
2026-11-01,39.64393038576116,39.931740003643476,40.70254189478381,39.76034722148487,39.60965652939349,38.736245167069114,40.501838742316494,40.674034958843706,41.222412436167275,40.312205495215785,40.46003825204028,39.90703314711986,39.83216547019028,39.76144416445243,38.362505154496745,39.5751165362613,39.481511838576445,41.96634634347227,40.25598527860815,41.40614147842814
2026-11-02,39.69010570262264,40.10204909408994,40.72812479295467,39.74689277359552,39.567798651903665,38.6019519724714,40.5172279898669,40.61271464285243,41.0988711054061,40.26638996734369,40.507147814104144,39.96605268993813,39.97761935451538,39.83431283473049,38.26704276155751,39.43958236978978,39.47747787465341,42.08218306902271,40.3344663425567,41.29495728312921
2026-11-03,39.85101574515187,39.99997826481686,40.72545991656827,39.90730735920638,39.68155271092593,38.67542031118232,40.318500548730654,40.7310479390474,40.958060992359734,40.20457186082856,40.36331133069097,39.96793028213378,39.950774645703795,39.94517537858984,38.231822982489454,39.4815857186172,39.652603602986936,42.19482307542343,40.30214152943428,41.28822920251339
2026-11-04,39.87074835285588,39.907306768889,40.75709988519389,40.01271899342357,39.807433980991455,38.573091024154664,40.29765494796832,40.78453503161399,41.00717156890587,40.325543339113516,40.46002780579073,39.86107977524197,39.95182893796825,39.97373102740384,38.33473212889187,39.56059316962495,39.832119532470244,42.14252971752168,40.299468069473804,41.16418606697224
2026-11-05,39.744141935404244,40.047003622470335,40.797998287562784,39.985728338828274,39.7906540184768,38.723057019331044,40.29736550103194,40.80611226511624,41.165390086027436,40.29141896136201,40.42202455065718,39.8107581085722,40.04459520850769,39.78096755523817,38.40141122611698,39.50617186111119,39.9356403303529,42.1247769897828,40.22818610518309,41.129867199292406
2026-11-06,39.60377543679486,40.02662259078898,40.58782075564716,40.0640034035969,39.57065158786976,38.8334085319977,40.27298493469486,40.81702084800987,41.16573105190245,40.40595509173756,40.51069236177858,39.685968908738204,40.161624866911225,39.6818033195267,38.46228109992602,39.46369339312132,39.97103603225936,42.10615323134684,40.32179719677387,41.10994611987856
2026-11-07,39.77675913026164,40.173212981392126,40.65509239949763,40.26616481150465,39.636633347974865,38.868939888879765,40.18597856477464,40.79374820523223,41.220630961527185,40.448834399245875,40.421791181187494,39.555354527923264,40.12462316509732,39.741910082036796,38.36024074220701,39.52184624285109,39.86637492845025,42.180241914936744,40.24701576743912,41.033190334625296
2026-11-08,39.95712987507193,40.125771602170765,40.54732527188794,40.47105229080193,39.69595021964871,38.89084697315592,40.12829555355862,40.9006633686489,41.01596434655749,40.410068456931775,40.4380133428095,39.59911995177382,40.12738272783617,39.74537748165317,38.314727682372016,39.450746792029804,39.94178560583366,42.339144199298346,40.40177480854527,41.03423803987061
2026-11-09,39.9385167159906,40.277563680332314,40.39189398403292,40.338876006225895,39.72952656426209,38.875478968560806,40.108944781022146,40.803323222088956,40.937778095844926,40.458283772609256,40.47262359721661,39.48528327054409,40.15803376525379,39.468233862525196,38.350810963803674,39.37310046133984,39.92550268531517,42.36653640454348,40.366155154353734,41.095674445612424
2026-11-10,39.89880650344224,40.28972458745197,40.38345082892158,40.23948758427629,39.83273441560302,38.950293855411246,40.117715101887356,40.626469281985955,40.817960825816904,40.48946711499348,40.45362853042735,39.52087761671457,40.21510516036332,39.59918165064101,38.29666601923793,39.49947808784858,39.98420547983236,42.57188954834857,40.36616871500091,41.0641489770455
2026-11-11,40.05164921948809,40.31515203190871,40.390058149644375,40.39423390478628,39.71263465054264,38.91815039712854,40.180286839022756,40.68805880560742,40.61201368874666,40.594622314166315,40.49371756199219,39.389327907887015,40.19983006920677,39.61534654402989,38.277826407226,39.59329246096837,39.91819038410826,42.6569970555753,40.44400528170762,41.00960235306628
2026-11-12,39.93571452684729,40.47820095009595,40.314767981020225,40.280558892432026,39.92275042833367,38.947775790375005,40.29262966277614,40.751190607296536,40.62090378250654,40.533181469722315,40.46273340501202,39.42297619543322,40.18600622896174,39.53272881895423,38.331010005908475,39.65756032203923,39.90049343041146,42.615758603412864,40.44394745497973,40.98615053998953
2026-11-13,39.842810813105515,40.43724979810121,40.4004071510589,40.1401367499547,39.82322439610047,39.042030416895464,40.2599578233937,40.79799873652383,40.38036162455715,40.53446998363593,40.391594993522354,39.375733401676776,40.329780774287826,39.63789385590635,38.30492888133109,39.75518299279498,39.91799210030311,42.69308467819149,40.409950336472065,40.97976498823035
2026-11-14,39.9104646176412,40.33554712699873,40.256851784127115,40.08834811335795,39.90197509572707,38.989872432291136,40.210511384189395,40.83687786525379,40.239084032406986,40.52488901241159,40.55884716499077,39.523766505472686,40.455299823768506,39.569715608435445,38.336461012722,39.55181012255608,39.943961317723556,42.86813023363175,40.4043972841303,40.78858336089585
2026-11-15,39.86974754163585,40.286393187902085,40.212589027387615,40.131704767685136,39.72709262999978,38.93254354550527,40.2551618295488,40.797987096562196,40.18128048571969,40.59638007373188,40.66678057804636,39.55961497739441,40.50308074168223,39.50090134705223,38.504900850717085,39.69407139011251,39.99561840425427,43.075775707446994,40.496369188856775,40.833238988983
2026-11-16,39.86978878966291,40.3322572391506,40.14997293260019,40.12012745891668,39.63213297894888,38.81701177397565,40.31783169176809,40.87734783973126,40.093099348975116,40.48452900607759,40.582328442041685,39.68963491228905,40.6822411925222,39.540426814286825,38.49551508032764,39.7362263489347,39.93511168294547,43.19175109413597,40.42353352053832,40.780488212002545
2026-11-17,39.85336411080631,40.16587703845706,40.14413560982513,40.05129394651886,39.79111280901111,38.715569419225204,40.270305091167955,40.867507511113104,40.133941024246234,40.58928478888321,40.639215056459065,39.61301201073289,40.637351442246725,39.726964735757726,38.62210055193534,39.84246076968023,39.79561175169614,43.17639278532765,40.40775964812399,40.910479046541255
2026-11-18,39.889144588430426,40.23169045008942,40.172428070352325,39.980486508996,39.765037124648444,38.5380558823628,40.351814316500615,40.810680138561096,40.165081565989844,40.63531531069732,40.55689464405403,39.620783165008994,40.806131657629294,39.896963698877165,38.68578104047027,39.88345070796077,39.96565258228569,43.13383918936706,40.406468277885594,40.9684406157608
2026-11-19,40.03636604593233,40.17377248622322,40.0658487300429,39.90622022043243,39.8534207969632,38.61922869820593,40.45300540194203,40.772877269887175,40.25781261001905,40.492310861887184,40.428538963192885,39.5214151171004,40.85934055192157,39.934851342258504,38.54486877787987,39.88904156466579,40.2261118958178,43.18078149487822,40.49534480034028,41.08819175706592
2026-11-20,40.045494083905695,40.29317114912309,40.141135569084554,39.81512650959326,39.878730550786536,38.80923839181844,40.586931914476814,40.98397653692772,40.335364624604075,40.617310376225966,40.535236343523465,39.48124971770291,41.20461743055216,39.98327725490448,38.441836838008776,39.86086803404873,40.2717203821799,43.351521696418125,40.48193797217314,40.9738067031514
2026-11-21,40.112444618565384,40.0405184937661,40.14682523133342,40.05372763976711,39.86833646806908,38.96012671641733,40.772301238273975,40.793321088152155,40.45361792611772,40.8512008590486,40.352344752212645,39.456937509347185,41.069822593345926,40.06588605549625,38.36651256152741,39.89969237233651,40.1312252190457,43.38139860360137,40.67058392916913,40.928607242501755
2026-11-22,39.89770590536629,39.95807387048029,39.94820379866037,40.08439996669722,40.01104010708543,38.80063366033425,40.675850867641294,40.84203003401025,40.45078639682351,40.95327085659113,40.44796924568503,39.385089293028635,40.98997435198224,39.93420730968525,38.28962414714295,39.86766273747101,40.04949607132213,43.4134844979895,40.65014712034766,40.79089342319983
2026-11-23,39.89305649285852,39.78273161690365,39.744730103052454,40.17664795880236,39.98614573984818,38.880413211081226,40.67346543103254,40.65873100545743,40.48021125417259,41.100602039679195,40.41871163534171,39.26357110322307,41.029169597499276,40.00160153959296,38.28961078739521,39.958626322467914,40.10232257138893,43.39974650993528,40.62123111404654,40.71141934941027
2026-11-24,39.80583220718693,39.698109688461614,39.74470648562832,40.12431115436164,39.800737130978206,39.03085955332603,40.67081508721478,40.643486897825305,40.53149159569529,41.103524604276025,40.39397409941442,39.12287089126149,41.065877485511045,39.92491662448217,38.360085554439685,39.79366095480466,40.242190587059696,43.34317447366813,40.59955301750549,40.84056327219902
2026-11-25,39.680370557543256,39.72527790340415,39.7230527215388,40.10403212726238,39.718361044389354,38.98945687400874,40.65657817094332,40.59385376139498,40.54341364972292,40.91950548611706,40.43487907518413,38.88934514344145,41.269287884345395,39.95837896920244,38.494580683108985,39.738458345930226,40.113585209142116,43.30570894478887,40.45689888014557,40.99457689027678
2026-11-26,39.59115961333778,39.70806489434166,39.71370682286849,40.028734821578084,39.776920189895606,39.00509484224079,40.58401825653406,40.370236007958795,40.49829732105066,40.71790337154671,40.49371136034613,38.78814181165484,41.19021572307406,39.93476221442057,38.5334846431204,39.95232843672793,40.09981692375196,43.302085013091016,40.344974822507226,40.86633782081725
2026-11-27,39.558745141177596,39.68327518938661,39.71222963879089,39.75245977755761,39.81906787781371,38.80649595119087,40.42368349198776,40.40906276160574,40.460312039753745,40.74091458586061,40.403656677675855,38.858091965692225,41.28082965586394,39.98723866221752,38.49642337442064,39.88724349764093,40.11963831092568,43.477644060049144,40.287127048977325,40.812588875713026
2026-11-28,39.655656851855674,39.668383750768456,39.73703838892147,39.61100063604369,39.65744337813322,38.83980379992803,40.430995117943525,40.36663441678495,40.37143884854743,40.67382256642004,40.477029927655224,38.70235625415144,41.39895530722632,39.99949545102984,38.29573068644703,39.862890113852586,40.209447419557605,43.43053581936794,40.40497765412362,40.79985590794075
2026-11-29,39.52039019498913,39.69110846422713,39.83670826356522,39.42628721330738,39.584290921041244,38.738269988970934,40.347525236269576,40.14401382710449,40.41369527320915,40.57304253846366,40.486245225071414,38.57126702122204,41.46721001165664,39.67993811272314,38.31176183231027,39.77181255550741,40.17213374549632,43.41683687824044,40.399125403878166,40.857684125091716
2026-11-30,39.52601743954225,39.58834536854071,39.72214226297974,39.198496785710375,39.52637717552321,38.76510455474661,40.354534693904846,40.2311187289565,40.4013753071234,40.56311148535753,40.350982915590286,38.759481837054935,41.355091800155925,39.70006885970015,38.323230417822224,39.80778552924686,40.007486115383166,43.29938610889419,40.34574880941659,40.66566658221632
2026-12-01,39.478553290870636,39.66352771480096,39.60223909553457,39.0806216020779,39.49113902857106,38.614003896213035,40.26893995911768,40.38061979393481,40.32919385950413,40.62507257518741,40.3310409315341,38.70169406438481,41.49957395533177,39.76813789712641,38.350361695304926,39.73229879481185,40.07220320626313,43.36150116818444,40.473026667000106,40.49215580719638
2026-12-02,39.447508427529655,39.73386039290134,39.49145240034074,39.22079962445003,39.35224223467083,38.67604909074181,40.151963857957035,40.535684399419345,40.25763205225482,40.46781567073511,40.47469088872415,38.74097312958455,41.6243851269565,39.81556158367428,38.570428105648574,39.71438288338894,40.18944204886933,43.49707504724359,40.63441119717007,40.5410707439147
2026-12-03,39.553718036253336,39.77511104082847,39.523859113409664,39.22033190376939,39.291147067366644,38.78656579494961,40.17554733217512,40.57057982809714,40.12915416034337,40.41774491685905,40.64937222025611,38.8125971526088,41.68034821118277,39.80577492116855,38.703034456999596,39.803859846223204,40.17960882526822,43.6616889908017,40.76408082757058,40.332337901223326
2026-12-04,39.6115815243587,39.83399844248245,39.65490550835113,39.356712352568906,39.220220905664874,38.71377095314259,40.19027195561888,40.57217882551631,40.23092436865283,40.57483883440886,40.72180333839825,38.88601167138388,41.69306411486215,39.977615860091156,38.78923936282724,39.73228933675948,40.22099200488536,43.66382262333749,40.66910867877437,40.28339107049543
2026-12-05,39.752025099978276,39.86558633273562,39.612042119437795,39.40229045030263,39.303341303545196,38.605861707433355,40.24988068912323,40.70971948311399,40.23777514514222,40.457874635861465,40.591426952935144,38.73771131564316,41.70808231062819,40.01009247966027,38.69835799269052,39.81544869821253,40.16988416757343,43.70823122628816,40.6127744512617,40.298739766139455
2026-12-06,39.737217378863285,40.07842201878242,39.35629145891118,39.485933933160666,39.39004531840559,38.396610996723915,40.47857035124527,40.88473996533863,40.14586093918079,40.5471302853461,40.640022393184125,38.72101267898581,41.689852187255354,40.05561514866797,38.653447452595046,39.90182631072444,40.080275161314866,43.669428115138146,40.801889951959836,40.34069080269987
2026-12-07,39.666421589946125,40.068750501075826,39.18504533714729,39.395879004459815,39.37823274534933,38.37837285725078,40.50509699301282,41.0007998857514,40.22970363879939,40.49274037939733,40.726672426545264,38.56458548230783,41.75003273471174,40.164480164540066,38.650978535190205,40.01220621990321,40.18717781677191,43.708527394105445,40.82300423994356,40.32377223667407
2026-12-08,39.64493823043656,40.03614803090307,39.1042326355626,39.452914993716796,39.34120604600283,38.32871109077846,40.55347596736592,40.89454467762569,40.16952738621838,40.547594464465035,40.79970787263024,38.81912987805702,41.74351970501756,40.20145699834006,38.57995827596996,40.02667737943487,40.226665032465505,43.72302253376809,40.78983320764182,40.28339919281303
2026-12-09,39.67182537493824,39.957180350721536,39.05206753705506,39.53083486402599,39.35900593876172,38.18268631627594,40.43644984041016,40.910952201628014,40.02132777756842,40.66069112653778,40.87879287647502,38.66412762754815,41.641362381771756,40.10613818158407,38.637860987230056,40.36632137718847,40.27678405838542,43.70827388651635,40.86185145895379,40.37056935847306
2026-12-10,39.691756238848726,39.84980740609849,39.01545534965663,39.47381318873025,39.27857135212829,38.237420581085196,40.29838071279379,40.95271706988996,40.12785094492421,40.73562409494067,40.91256026900895,38.565589396251255,41.51833308837065,39.851087715626385,38.68104308430809,40.47538343779766,40.433283328483064,43.70267343317817,40.964473857507336,40.39844899288043
2026-12-11,39.58115390153356,39.72130838611293,39.02456021796185,39.53420619473843,39.164977359664924,38.2018253755768,40.46336575197015,40.75443943082279,40.070823013130166,40.82816391235029,40.89965341896814,38.4685649254779,41.42837837266079,39.80218495100625,38.57829615891103,40.50695447700524,40.31964742615661,43.73293704333648,40.89798210767927,40.327988722643035
2026-12-12,39.592640576601795,39.63068154385019,38.99795582268389,39.595047765729376,39.07338687450843,38.10419499296759,40.36331298518999,40.80007527881133,40.027572991875715,40.70098202764667,40.82968702240309,38.32668052123649,41.444312644428315,39.88222891875114,38.706464945773604,40.41157014406721,40.259730364992684,43.67795133224212,40.916303907261096,40.33002191211442
2026-12-13,39.6183029242555,39.62524575378351,39.11015552099878,39.54037813239455,39.01358391856782,38.05906108188333,40.25139892758604,41.03817691954162,40.031586596522324,40.81540418752258,40.62331072581065,38.47102023819813,41.433230186197186,39.84600970036442,38.72361696351792,40.398941580900974,40.274762288665954,43.62921412093885,41.010124896982695,40.36841158251495
2026-12-14,39.8813356717499,39.661725325604884,39.0458978724841,39.42707206299997,38.90050518456033,38.17582699080599,40.245778684970574,41.10086163147848,40.15079285741711,40.7200748456695,40.65575332112508,38.72304905495259,41.44840569424915,39.93009313974777,38.55601306075788,40.54722634702343,40.21386735240283,43.80307189943262,40.88045618277187,40.54762153141441
2026-12-15,40.077620266639414,39.66872218103279,38.963152297700006,39.308413268153636,38.9227476846632,38.24554567881187,40.234825975129766,41.25291034825071,40.15192988699115,40.74354950164732,40.6717429881285,38.68173392418892,41.49439784675206,39.945835977020565,38.55845784338193,40.725322454230756,40.294807998947384,44.091922126931145,40.87677312451488,40.62773805255459
2026-12-16,39.98793978573141,39.59123213343122,39.01732634278671,39.32089672256202,39.002603727014495,38.241807967974445,40.13877608921298,41.26551109682594,40.025542067193406,40.766771588196384,40.72711054985722,38.55562477720071,41.418100296351135,40.08046611316788,38.59436118287542,40.878555142213,40.27335869302337,43.93006924975976,40.75313067239843,40.75308180800917
2026-12-17,39.95789727395083,39.68641797081306,38.866458110340545,39.35800512004294,38.846656851601125,38.31290202908751,40.105955018515324,41.25047114961861,40.08210279447647,40.81403221950873,40.5810998452801,38.338825584186466,41.56873632629153,40.04903010191734,38.699868743269214,40.95738660309832,40.16757091467091,43.76339711413322,40.6444035425948,40.68392598289367
2026-12-18,39.80571266171484,39.76462757882969,38.911970432137245,39.2800426374869,38.85527853970215,38.20589042197693,40.23408432218491,41.2844447990697,40.030831096964064,40.845296240383036,40.6461110575988,38.32316020826083,41.53084459225534,40.097516386189284,38.672653946209806,40.81801329415088,40.17341016501785,43.63266497998267,40.58105352944016,40.624423488567636
2026-12-19,39.74533244423125,39.749213020013805,38.928112513410305,39.286529604077245,38.83901374019168,38.21856293386402,40.14814866389048,41.18941179841843,40.228192421268965,40.75067863023427,40.860863209397074,38.30036553244802,41.475257653244945,40.149804878784174,38.7632936082484,40.865270439237335,40.19018170649978,43.60005809581318,40.6282635413874,40.595910102856934
2026-12-20,39.7793253703414,39.68278497622966,38.91877972124509,39.34878687183457,38.879755907494356,38.242638397130186,40.00148302285963,41.079254687569836,40.22668798136479,40.60314960138309,40.864336227559875,38.24427402859137,41.51913658818614,40.30645178355433,38.78874437153321,40.728226393138755,40.2871303837243,43.68136711718802,40.59054967603213,40.57729068489731
2026-12-21,39.9057441086832,39.74119956676254,39.086106196264026,39.415702354609316,38.88434185637175,38.205029561491834,40.099834743160514,41.20906802902029,39.991422853310304,40.69220398183914,40.85285318229748,38.27561966185146,41.31211856393477,40.1255669748195,38.662244636181846,40.56633408086522,40.32676272861943,43.7276255458519,40.51855654105549,40.467407291164335
2026-12-22,39.830283302835156,39.761968595386136,39.02749797699519,39.578664260689564,38.74300227651806,38.25792074999779,40.15069011296709,41.35001770258449,40.028638217917944,40.70798558804211,40.88095292642867,38.32419385374793,41.21959100148627,40.07678185967356,38.52678033527789,40.58839995938755,40.37338019798746,43.72582726415829,40.521018494989825,40.598574607858886
2026-12-23,39.76314972713617,39.61317624464278,39.24299446089965,39.7129108706151,38.62220717281247,38.18925347480248,40.084779605040815,41.23561411552503,40.231949277092596,40.82619344676111,41.0932718552514,38.365347191124044,41.31831755631013,40.1650461917314,38.64757165574393,40.64046409915958,40.40494497124669,43.764773278333394,40.396947207679155,40.688812050310034
2026-12-24,39.54214921334924,39.60811744508451,39.22387814997123,39.61072125024307,38.632434348282125,38.24962943863728,39.919053074223456,41.33288139086966,40.39629807974833,40.81673241000809,40.97749316084902,38.34232112571094,41.12401973263445,40.32632915818313,38.77550648017497,40.732693419956846,40.38274836875723,43.66421637509818,40.439849081317085,40.65244497937344
2026-12-25,39.52772072670644,39.63720133588511,39.09745778623168,39.787087216269015,38.74349659083046,38.31397244431689,39.841879175941706,41.31596750435324,40.58741331291341,40.66273756219522,40.993679526278974,38.240982222341906,41.23772381641896,40.3496680364324,38.814645285973036,40.78137903181981,40.30512311887223,43.61538436704364,40.5568382979256,40.716828711730926
2026-12-26,39.42072686410568,39.546099740766635,39.109331047601415,39.73302835485623,38.52690393372986,38.03228112911684,39.83691869753013,41.34516391183803,40.47620804872756,40.76156868758806,40.90261992977588,38.31675045089074,41.39360136992846,40.31681139378653,38.97268053780408,40.83352653580694,40.33369715149089,43.59234576660732,40.54525866836621,40.73642450602531
2026-12-27,39.36931236538785,39.568023178829726,39.00432866085084,39.842815483326625,38.56944244589925,38.16095801079593,39.95901534728241,41.387221481465964,40.56989064730483,40.717866002603756,40.83917012309526,38.32686764163168,41.34584567283531,40.39465302340258,39.08568728590706,40.72403272376015,40.296690706373205,43.392004164859344,40.52069264916842,40.808798017084754
2026-12-28,39.28262129498219,39.42032053072829,38.933126804931014,39.850604329937994,38.696903913704325,37.868326387572736,39.85117837657197,41.48686728512968,40.49027321473485,40.750117854806795,40.82911778069906,38.42463781981797,41.36971902532468,40.48400312012234,39.160275087923104,40.708753281450846,40.472974686853405,43.24135575851682,40.55718970643998,40.661332008406944
2026-12-29,39.27670864559967,39.56100649460473,38.979099027222354,39.80845238167501,38.68832148798591,37.81868788215664,39.84306641576691,41.48741085441834,40.51114124206912,40.677071936318264,40.968165862648355,38.512244688892714,41.482916789373085,40.44323696268229,39.07166819040164,40.544966002077196,40.612208081471614,43.096517436824165,40.339925324968235,40.642103756543484
2026-12-30,39.10075874067858,39.69228338607171,39.04102065196091,39.622044392808306,38.75082175402601,37.93148040808237,39.91403259280269,41.631890091507465,40.373880206442436,40.84807222684356,41.15560945853663,38.37746022843147,41.424049324737595,40.47553192997599,39.253470170182574,40.33047458538259,40.67580653864969,43.16479484400497,40.39446039600588,40.632277569053116
2026-12-31,38.956085096076656,39.667678672120424,38.98272976936062,39.60623063521223,38.68637392591373,37.91095426249376,39.66714968890525,41.656273138101454,40.30386596494734,40.749950425361696,41.197209918583155,38.24263638503701,41.50987147393887,40.59763361440307,39.3123441214395,40.40653086417156,40.71212782231996,43.17433207951207,40.72038048621108,40.69482114687646
2027-01-01,39.178626357044344,39.706985994717485,39.088652113516,39.4474143995748,38.68124818163487,37.777141818301025,39.77596465651716,41.71478194207046,40.231017375356465,40.70982222922676,41.149982954937094,38.17655921576188,41.42872345608307,40.7949270102162,39.27637398406909,40.32484722536391,40.698724818718595,43.22504308336718,40.70324265263574,40.62419167051811
2027-01-02,39.051537732459806,39.45955428937362,39.21168020553285,39.5499651673225,38.524927775505816,37.68112731679942,39.65452161555974,41.61450852686273,40.32403988958289,40.7171862826292,41.411932702895136,38.08106545400811,41.36906108969089,40.86951287185561,39.2117277342138,40.41482487294429,40.56105676145774,42.99971056330459,40.68658253059191,40.356531875633024
2027-01-03,38.944917857112,39.34347240832161,39.36304259818948,39.70910935164093,38.29773293292425,37.794415236026964,39.69062992388306,41.84036260468068,40.406452207967824,40.59724584125548,41.35778614623599,38.16629317215547,41.27514762738627,40.86928057388622,39.24213817572245,40.529442361292276,40.53496471010131,42.816534330078966,40.76166881090587,40.24070934103866
2027-01-04,39.137594196403114,39.3167462997624,39.42077236351445,39.62807603348708,38.40103908015031,37.61693329209644,39.71773204968891,41.881250626363645,40.433275754746404,40.62884301898963,41.28853528379153,38.21095229988416,41.304844053987516,40.858578270880024,39.07536598336984,40.46096239051742,40.54261028817922,42.874606869691476,40.93267045377334,40.23284487568023
2027-01-05,39.43992575569982,39.210475149411856,39.56426951615107,39.66119770032141,38.31088073655886,37.74043028668608,39.83168763474016,41.948561068843524,40.288557851949165,40.79645697456975,41.09051654731871,38.33013860176404,41.422421189703314,40.91315706117656,39.15162946122509,40.520653292362056,40.56376600770493,42.548626835607344,41.031621326999996,40.23813867807507
2027-01-06,39.322447036560334,39.287770985833944,39.37281786086668,39.587909504021425,38.27426101610485,37.74685990505306,39.889765402394595,41.76192749467542,40.25409540925377,40.73975957846402,41.23426433816239,38.3786152208515,41.394487396232705,40.895630614714726,39.05878245073041,40.44782046481127,40.61024691572287,42.6702528491961,40.79568897984993,40.41384690022934
2027-01-07,39.2882155495918,39.496777887220034,39.343434839026976,39.525148003370006,38.145115468712994,37.641396835707646,39.643575593047714,41.66243170003425,40.17428363962216,40.77756229144725,41.33156243058325,38.40806022250479,41.24955756545765,40.91078330717123,39.10151900162398,40.25090588972584,40.70447957800351,42.45261648403868,40.851167121243925,40.472926996956694
2027-01-08,39.32696412444668,39.37830142303254,39.25795116278203,39.607545582601865,38.01477374966115,37.59652010272712,39.56428514175342,41.787772064273916,40.26445128334701,40.48169719715782,41.585536956426786,38.536886982232936,41.12614830183216,40.79286712192584,39.05305133585411,40.26234539391207,40.62702623490764,42.53216117230291,41.12134634287447,40.47880090598776
2027-01-09,39.50826735057504,39.295580590734666,39.2740467393848,39.60556048481092,38.007970003733135,37.50943331881234,39.58078626977731,41.8089362918105,40.38682250901933,40.474801727736406,41.426110712907835,38.59186544771287,41.162129335306034,40.92662249347734,39.0310913010818,40.21133887214934,40.55110251840989,42.4193038625728,41.18182294244554,40.47261211636962
2027-01-10,39.409200224697656,39.32340829575168,39.219323063417626,39.787751092814695,37.94614404301619,37.60737393446881,39.562797007104535,41.59050763662475,40.496023342732215,40.439013469536526,41.57591955556656,38.606145894168215,41.35404668746454,40.79981172904109,38.959170766403155,40.163900812334774,40.70171509414407,42.52176742454205,41.05128368259776,40.58663584568287
2027-01-11,39.38705433344658,39.49259726868571,39.2064102248891,39.73874123881429,37.99438854703089,37.691873294578116,39.61437004503858,41.69430702486902,40.41344964317461,40.35020420527131,41.57461259210153,38.7629296503148,41.38888367383353,40.74929460498762,38.94825985998895,40.37039351717587,40.77965897640276,42.86472364665803,41.07552079256296,40.52083492024113
2027-01-12,39.470211141682455,39.369455492179384,39.40359339693246,39.84377881899374,38.049832393798006,37.535240191386364,39.69800516748049,41.62562126645877,40.1232281066611,40.462152426165815,41.65321810711314,38.78110024756706,41.33927794428803,40.755402125457536,39.14629267950559,40.20783422928319,40.73367004384929,42.59501246725896,40.93242878835728,40.50300688668419
2027-01-13,39.51775140421893,39.3983281435378,39.38924555858132,39.85462238367869,38.09196360064496,37.508632736793906,39.76258551369597,41.76994907861788,39.937872971767774,40.425051952619334,41.4652150781944,38.75673511645433,41.4144090983371,40.963337504228015,39.29250726227118,40.24674317319724,40.718096987508964,42.65757209412829,41.05899205606915,40.38516854589284
2027-01-14,39.4814671717132,39.58913224438066,39.43497248815181,39.938114131194276,38.12572859285097,37.43727076384646,39.74151832500425,41.75036271284323,40.08648642978128,40.403867229886714,41.61602704061698,38.678644027849394,41.38054427449208,40.91273072391751,39.332562808872325,40.140932014395986,40.70309246768476,42.44174736351974,40.95073616927728,40.53269343962899
2027-01-15,39.47036199330928,39.420975319959375,39.41400910962728,39.89174788510415,38.292900481045656,37.57728619749146,39.551799635256245,41.762756327233596,40.04393267974916,40.36177229704606,41.692353849248924,38.75663181705598,41.331922640160975,40.836528015414565,39.33344695886049,40.23525765936498,40.70243369781539,42.47514071169228,40.95327600786386,40.57115306751636
2027-01-16,39.3317557489878,39.29242872073295,39.42483838144141,39.8870442330098,38.19535208702056,37.45780264391409,39.50712084523811,41.8814085767217,39.965199485094246,40.15831054701451,41.67854696539145,38.888495801636665,41.221178667582215,40.77313524974218,39.42366069243039,40.265171386801825,40.74864866564506,42.43817125845646,40.85633001382363,40.49305512810606
2027-01-17,39.31080425536922,39.252717309877276,39.428440997664694,39.875505937921794,38.19937641016572,37.628274811080246,39.552605038889155,41.77282414806103,40.13690479824633,40.038880068015104,41.73924428090847,38.88921483920995,41.36600008104857,40.94557118144371,39.543059087422755,40.30345132708396,41.01475979476477,42.4386845109186,40.79326350398264,40.47811859579274
2027-01-18,39.28708614039198,39.20334156404254,39.4775556483953,39.78916029398545,38.321939935843446,37.63743837163615,39.44252333234554,41.65474750528871,40.2687228318671,40.13905629209428,41.6461415707701,39.02801753984602,41.08518178664508,40.64090302906797,39.45987955667916,40.20241758736753,41.02931733544006,42.324032662435904,40.94721471529364,40.52921073319735
2027-01-19,39.3146179527826,39.290728300931185,39.6004727610681,39.85896662503416,38.457451554468655,37.535859054580854,39.510433626101765,41.62404060255291,40.26968175045941,39.91780418682816,41.57392968237106,38.83301490964261,41.16463878993373,40.531059757027194,39.45470204214365,40.120951443867774,41.09446667848704,42.397091083731425,40.95289489093432,40.49966228988198
2027-01-20,39.261267825420106,39.31921628192008,39.77309342009737,39.927280575623364,38.3231566527107,37.48247357880787,39.606715294178365,41.70476185271314,40.23725286353105,39.83838474904563,41.514798497192295,38.833542656361566,41.1082784224668,40.817842244980085,39.27040346309056,40.21733195433695,40.907871977940765,42.22361435182558,40.88779154597622,40.440346277151114
2027-01-21,39.31346740857574,39.1410847676179,39.80633672585115,39.98942194040347,38.3007627123691,37.41731385950497,39.62183008350852,41.55058631424776,40.2219507725027,39.7976029512221,41.30607784659786,38.835623695567776,41.05802280883084,40.876160298486276,39.389469649870435,40.402238485805995,40.85100418517351,42.34796356094789,40.760776045199655,40.36882006350927
2027-01-22,39.421073005771255,39.198267299258134,39.86853343633164,40.15002492362513,38.44570125337382,37.30655415280956,39.30827484058522,41.3614176042959,40.244443370885456,39.98003543682299,41.391650405958615,38.76815191939393,41.23369089701703,40.753416688733815,39.605456493669216,40.45055241097594,40.977334814521726,42.28945102153876,40.557898107805826,40.402374225234496
2027-01-23,39.44006773198503,39.14344011896518,39.7495788802553,40.3011763332891,38.50490040597558,37.32986564274937,39.18101301018207,41.442688686911495,40.41131847571477,40.060262196508226,41.512640475575495,39.01655960856745,41.1499680108407,40.74466873262846,39.61574172849427,40.353344648353264,41.01482321311915,42.122017874912885,40.422509602408546,40.362304396164056
2027-01-24,39.47918515493418,39.278322466445445,39.74169352048485,40.25998401636276,38.53240520209662,37.22437592167746,39.37862022287201,41.369395252233026,40.45348831183708,40.00160349459295,41.42820802661561,39.01499199666961,41.0705207034726,40.747596542821086,39.3986495758433,40.386968045084956,40.542133927854294,42.28558393401551,40.43186119899271,40.31242561581034
2027-01-25,39.48735192201642,39.21782489095664,39.8405845120604,40.29762582986002,38.51825687139036,37.027629192454924,39.325735755300755,41.31934460020122,40.52755726823336,40.13783821810105,41.45777756101319,38.978683645679865,41.05048950192276,40.83338194996603,39.464419318606936,40.641293646859076,40.61036902415845,42.26518391961774,40.53288294990696,40.17030181880779
2027-01-26,39.49000735741037,39.15682778103839,39.931435740864195,40.23034809143676,38.487506464591014,37.00644186625271,39.12617954619475,41.11222816781521,40.648336869599746,40.05947499921964,41.42082608048667,38.9866970680228,41.08888088594537,41.02506899874665,39.374202709727214,40.64848625014944,40.81060432666503,42.46314945800502,40.4706041869767,40.17737069931889
2027-01-27,39.4183608439089,39.21657888306306,39.953726157033316,40.231400784729075,38.52443604427348,36.84830332042806,39.25708173748977,41.03317599622923,40.520780180694416,40.164620369286304,41.44827546318742,38.78880581996607,41.035380475451234,41.06086546780656,39.309366098248255,40.80009537972055,40.59405029622979,42.58463508996955,40.63404546850397,40.15727098204527
2027-01-28,39.45394536255989,39.29882899718272,40.04634933398661,40.167093858611054,38.50684882391407,36.79242118708039,39.26233502118536,41.02651220085831,40.597657837408526,40.02143803789302,41.372286312537696,38.71834944524128,40.8613794961403,40.997077623224236,39.3772915896204,40.71682020574592,40.75187275665995,42.48137539504602,40.554427731893206,40.12258821248496
2027-01-29,39.446758250831515,39.34846662511173,40.09726903333993,40.33617913452059,38.51043940047157,36.72188853405192,39.37955488618932,41.120391486517306,40.56304469189923,40.13340922751875,41.26929273154634,38.82457424735262,40.76430895409279,41.075691023207185,39.40669449133364,40.708261966089815,40.45395625199941,42.457854895103715,40.52606683874652,40.14259371232313
2027-01-30,39.665656990604866,39.1791774649401,40.222367405902105,40.372489992983446,38.526189255577776,36.65549835383041,39.4112508343331,41.03140210132691,40.294419807015615,40.0900392504591,41.37553021189857,38.767097925205654,40.896449345835265,40.99484664650158,39.35961891832636,40.770072877098485,40.55044356079632,42.45729220793809,40.40905651493441,40.22009348277773
2027-01-31,39.83050904241022,39.23852332634498,40.25138922938276,40.34735043543231,38.4658447851093,36.8648124740608,39.46149180851642,41.20334602313241,40.06956123954399,39.98197659705896,41.36085754079193,38.68983272736594,40.899338979024186,40.87884710026529,39.29629490133146,40.80797066104653,40.54636393572011,42.612683622500896,40.51125885248892,40.292436431918276
2027-02-01,39.87141518728799,39.1367513351455,40.21253846304264,40.471148726257766,38.52738223758745,36.88655014171084,39.50167307479542,41.12302313870721,39.96274823645504,39.95929340828039,41.571909941013466,38.8291767730877,40.94239149622003,40.686604578759535,39.312874629986105,40.7218676869578,40.295401448701874,42.646471402279516,40.73060323777701,40.348841798674975
2027-02-02,39.79267897759019,39.16531515311333,40.24648751263807,40.23988557304664,38.829261530641,36.926382399698724,39.57619786035888,41.0434509770432,40.01824213472266,39.98830477017277,41.56804093489153,38.97138200351069,40.90913347325176,40.5168938709836,39.274479998688754,40.63184267858951,40.34057434453791,42.65102225939799,40.53966030627852,40.32146402468734
2027-02-03,39.67834394797359,39.02446070266666,39.938454283704615,40.02753806610705,38.65579233270269,36.77155909558746,39.81423923339338,41.202475239649665,40.02988950122041,39.936647162742425,41.45887723308038,39.02940356218691,40.833651493387926,40.41926786420159,39.16476152417068,40.73312221286775,40.45987284697215,42.613704469103425,40.49996071834547,40.259961641566925
2027-02-04,39.80346651693296,39.07506551890515,39.97857159286838,40.11045013888686,38.695575072480764,36.72561945882331,39.9161121009547,41.21840562985753,40.04884954703186,39.99461931124527,41.58353014389212,38.98818255056913,41.00800900804368,40.292820479948865,39.13516950579445,40.85576068046161,40.49563791196623,42.593213677680296,40.63093282600824,40.148899213489386
2027-02-05,39.8316978443605,38.997768035053866,39.59980217079803,40.11603776106706,38.625763152150576,36.76327155372748,39.75218779020725,41.15219862471529,40.25281874131404,39.9337237389468,41.64305302857944,38.96914916461176,40.9821687165971,40.32401982298378,39.17440145315055,41.01238618659143,40.55461004616362,42.72363530025838,40.474235104810276,40.08586303116147
2027-02-06,39.882409685087055,38.87273383449836,39.424165659446004,40.141487519077515,38.69124995653557,36.68190497450776,39.79975577444499,41.12902655519333,40.11823867078286,39.99863847442207,41.71278984234767,38.89288616532981,40.92922678144959,40.19612167749637,39.16052795205339,41.200105414554024,40.50788959256095,42.70853688773338,40.53137434993428,40.087312014292834
2027-02-07,39.701789844593236,38.95114532148723,39.47365310926868,40.001903339828615,38.70284807560459,36.7861807478125,39.919422312774536,41.268065864573856,40.114583798967374,40.04468597122278,41.832844693903056,38.79788669636439,41.041161443441055,39.86657785736219,39.020757824290925,41.20778553034733,40.30872462330227,42.64913753942881,40.65768159001532,40.00454508144049
2027-02-08,39.79946541175884,38.98123325926024,39.5255884273157,39.99933164641901,38.786705111206686,36.68758029713109,40.04518806247719,41.419035662279214,40.14569518599846,40.03794049258603,41.75129740944368,38.69862344189039,40.95799684638181,39.75873282795529,39.12674457712241,41.16751222965101,40.37971950077739,42.57131255248483,40.66222072627984,40.01441090201104
2027-02-09,39.84763797886934,38.92418921850078,39.40832719224522,40.208834465701884,38.91225781310106,36.6773630610118,40.000257603884364,41.32285417862174,40.06771733115074,39.99151578445203,41.727529939212985,38.64311727679704,40.889067506889894,39.71099163124382,38.85270068367248,41.30624622454941,40.5622528918294,42.495244386038976,40.71685052028283,39.913528665871354
2027-02-10,39.73305091851706,39.077528853654826,39.33824415517164,40.29410926826683,38.93752714823313,36.638545462427146,40.12188219602491,41.31079801014137,40.0701718288394,40.007240622274644,41.699096986749126,38.54606637433873,40.885112766093535,39.649745816779465,38.81351433356953,41.37576371556092,40.67873318752008,42.32594009183797,40.90024058026735,39.7412654272529
2027-02-11,39.68551525890571,39.037467580598005,39.482625379389304,40.31020434088749,39.058311690067306,36.671705456415154,40.21831146306667,41.31310051597119,39.90273376953993,40.064542109799724,41.549323366624876,38.39675691684083,40.880115890771606,39.80902751196197,38.75699915849631,41.26207997735489,40.4644419901801,42.22997573257782,41.103554043504204,39.827594332227214
2027-02-12,39.71440683409093,39.04579784251263,39.43546420897011,40.26221848177084,38.82506056284239,36.6277219510815,40.48781895333776,41.199523094548304,40.05018421798486,40.280153665187946,41.512001516153205,38.42719475521562,40.90281408161547,39.746256050793825,38.77853784140358,41.14383238800645,40.30214461340893,42.38269431853113,41.0906616786978,39.7791293713889
2027-02-13,39.721262352936385,39.07822118753168,39.66985884633255,40.219218668190244,38.992718858171045,36.61932615417868,40.40585674402042,41.186751195077704,39.97861269202148,40.37732550230675,41.648413327163475,38.459014776996995,41.12149171249606,39.8389622631521,38.84185112012902,41.19019087423198,40.211498307206966,42.346328271589925,41.02745826626215,39.693415801658944
2027-02-14,39.69237468541748,39.01992652087329,39.67132012720523,39.995080426778976,39.03619760642829,36.61429890704444,40.350038762438494,41.180607341697765,40.191045257700864,40.47806114708817,41.66487999414551,38.63821227627055,41.151228669048514,39.83773081852199,38.9623248092549,41.16441187381133,40.04342842944768,42.41087837885367,40.923290400102154,39.5818229331813
2027-02-15,39.683196369028686,39.07307983647714,39.71523045874727,40.02186459631515,39.15120930508139,36.5617388934379,40.315768699597506,41.2965965979271,40.186457306062074,40.80277133917132,41.50942428067375,38.57806034984686,40.8902194285753,39.83408218929889,38.89542163899297,41.15498364242282,40.0476715113389,42.12387249134905,41.02248360364571,39.62767374048468
2027-02-16,39.65870274403667,39.02359777065542,39.88454500085849,40.109990919391144,39.03123685702034,36.625888927339496,40.26237040371963,41.41953962083562,40.29323216359939,40.85316344457484,41.33276401245359,38.61537533337542,40.919987194782784,39.74812203209267,38.960818615503975,41.26375432625778,40.088402074216894,42.17431833533052,40.87015058091132,39.77197827893379
2027-02-17,39.676213058667734,38.98683697883791,39.89867586324117,39.944705395473534,38.951808271932045,36.666191629153026,40.16741314251316,41.375956920804306,40.285884563239144,40.900000302049584,41.50511356156265,38.65419766024617,40.91881060729772,39.74326166114623,38.98619953309455,41.33839018212079,39.938467527618336,42.144240117448156,40.83828771950862,39.73127875323177
2027-02-18,39.830464011043205,39.13103945730035,39.79488479332441,39.87599787449965,38.97216034254517,36.675014701725196,39.877880406640024,41.345088813232586,40.28094921232297,40.97007746955973,41.48682352926367,38.63569422559612,40.91823512399554,39.66526482873786,38.817802180178695,41.47447662887343,40.01972829578173,42.07919104460237,40.84446512294789,39.7102654611204
2027-02-19,39.565408654403306,39.02949156495189,39.78447476611223,39.75629578500441,38.97583509308292,36.65108806974701,39.833207113210186,41.409188920763604,40.21794228783639,40.85688073624338,41.408410730301966,38.718002946347774,40.93928657546283,39.684550142931286,39.01702263577898,41.25769352842179,40.08229681887145,42.087271393430804,40.7861045661342,39.822894496018336
2027-02-20,39.54319024471385,38.78963753423692,39.781816400508895,39.65747663514373,39.01002305200526,36.74475207785984,39.872385942879276,41.338055935217774,40.22911309350268,40.80472628049322,41.370860189693104,38.803163873612505,40.930895521929976,39.661675773840024,38.87598124481758,41.27785974762662,40.024426691590214,42.02104348230324,40.811415418191245,39.63605610196088
2027-02-21,39.56375185409525,38.95941922089436,39.64146521189112,39.664738062246144,39.125782005229716,36.73904998120727,39.8216679623441,41.39401234813232,40.26111122737075,40.74630243310467,41.20398345921414,38.842635591898464,40.91999666050411,39.56574582015873,38.92447949309359,41.34550183731314,40.006144915033936,41.777444796581506,41.08075517122825,39.84183231194309
2027-02-22,39.59655355909893,39.22492910500123,39.61682653163143,39.451290775285926,38.95056574853351,36.726588997395645,40.02409835065985,41.376637336693825,40.17724885088871,40.81094945683322,41.3504187775291,38.822828404165804,40.980270858440804,39.67050098527292,38.9697695847927,41.17357122703472,39.80297393341994,41.86800710421295,41.06160540319323,40.09744003111935
2027-02-23,39.56020440923324,39.18752864916274,39.54212871654563,39.5174149507666,39.055192323658865,36.75362827536307,40.02522691366116,41.26435212349687,40.163036341826505,40.787797848989584,41.30040545454452,38.79282534293074,40.91680247409931,39.716363399831735,39.00322908593708,41.09664879514016,39.76942038715389,41.883978473162266,41.008979340718284,39.81464262318119
2027-02-24,39.38154126300726,38.99423581708301,39.63996512146413,39.597706311343664,39.061001300569,36.933620934864,40.15999966060272,41.154331098728235,40.09812833816299,40.79802541078197,41.44063229441915,38.66097397008135,40.81056727168691,39.67136708600511,38.95816738482319,41.00043102243565,39.77130647488592,41.8390260204527,41.11202597863553,39.80538906728081
2027-02-25,39.41847652845012,38.96794585560107,39.645367070175,39.573821826732974,39.04517010341502,36.82059368936978,40.186387573199916,41.30344421989593,40.3387629622768,40.909391224195645,41.43806870514179,38.58680904341196,41.12916025028502,39.68808174938175,39.04783788253983,40.99708150474225,39.78993068727421,41.7233037207843,41.13143293292387,39.73171512103652
2027-02-26,39.599559816616484,38.944282088433084,39.6179174387591,39.32067865160208,38.90059127153761,36.91119058548039,40.27196954013229,41.27922127635936,40.32732531266113,40.99645118731748,41.584747879310434,38.53167467492551,41.04603366552963,39.6809638178912,38.89417647208535,41.16589877824502,39.8302925670594,41.55388813796011,41.279756763709614,39.70560114631054
2027-02-27,39.443432997390836,38.9305419362384,39.608884086427544,39.22212281333815,38.95747711693415,36.74531669046458,40.29969209792312,41.44899981108918,40.48829822689411,40.973510961877466,41.60363793555132,38.4265606819915,41.05083222908956,39.59283929638129,38.89331793044773,41.37707576747624,39.85647166444117,41.5693749477427,41.29025537553054,39.663746818217646
2027-02-28,39.53532064104118,38.823228567392746,39.633940148262596,39.35257886445364,38.718322019186076,36.783070389973076,40.442083743384366,41.38530661370085,40.46481919880941,40.896438915240296,41.68726553382024,38.47899199773665,40.88502246730176,39.60219963216436,38.84195848567928,41.28149007753428,39.829638300454924,41.735819619225396,41.25620782076199,39.749538070426595
2027-03-01,39.503833340429594,38.88818629432986,39.6996325736572,39.07173058553229,38.79064307056076,36.951329701331574,40.44542098476086,41.40892139768525,40.4895101880499,41.01265052372324,41.75598684477785,38.607355222805396,40.892421587716015,39.540108479986294,38.77946905917616,41.33098372281952,39.86018336549283,41.74812057611245,41.05757899977447,39.739092613412375
2027-03-02,39.50007064463828,38.94730232618546,39.59771258455508,39.041191991733676,38.64627041334221,37.01436607510328,40.495221011926006,41.66021439260091,40.34734354996586,41.089794139618064,41.81399233382631,38.52331723057145,40.78792131063115,39.445102310833434,38.82931108665156,41.383746931240836,39.965157097544385,41.58791858089368,40.87846997764346,39.64604117529194
2027-03-03,39.3942802122589,38.801259787031995,39.49229366024591,38.92620432036341,38.65879660049483,37.046411012578176,40.531082694981876,41.53607359298561,40.29826771757135,40.91180799431162,41.841690005060904,38.55960468394432,40.73638250296891,39.28131011174408,38.94480626031144,41.417787456256946,39.955254317529054,41.603364960049085,40.678186718569584,39.630022638948695
2027-03-04,39.36306432484048,38.87843445154969,39.608909924827195,39.01366722328364,38.65384493337603,37.00765160708398,40.49755314928425,41.32226914485956,40.31863639580768,40.87322440217175,41.805857623967455,38.4632791271176,40.84339985603394,39.24832606763645,38.91549161685428,41.452897811657124,39.9884840770367,41.58850670167782,40.714589772486505,39.68516424001951
2027-03-05,39.50013461947314,39.09314826204894,39.56830872155279,38.95018529222077,38.77909031188144,37.026241143783544,40.53749171428012,41.45370923622525,40.483928567082906,40.88591755136734,42.00503275523273,38.440782705779355,40.88893104970666,39.31036586057115,39.00055813845748,41.47753829633813,39.9689914327964,41.673362112298015,40.5660771277877,39.564361014695066
2027-03-06,39.56280979514666,39.11545616180994,39.42450998424533,38.99678852170814,38.76744806642246,37.01738521789443,40.77139170542872,41.35617750568827,40.50458422252315,40.96404289608058,41.894421196249134,38.37980965766612,40.94456082505027,39.242776236766694,39.010876711946665,41.65217331624089,39.90163566733428,41.72990139218819,40.69592342212349,39.39701191709493
2027-03-07,39.74427737719972,39.08568465092597,39.47317660926216,39.059648158893914,38.703783730020405,36.9570618651859,40.73824963841191,41.34627342050452,40.648158133602266,41.05594886204345,41.8841641893055,38.44867752143966,40.750450808915716,39.505703709729374,38.92530713705877,41.76278102159279,39.95650880844573,41.39636510556929,40.69516295641816,39.60552887363568
2027-03-08,39.867818076895,39.07600664161836,39.5236537442139,39.2521911549224,38.65948202975541,36.94495477358085,40.77864685940859,41.27551263838356,40.712454260717045,41.08038578398514,41.87512139728326,38.388804865748384,40.941924614875774,39.599653551398426,38.904771376729606,41.6374748744189,39.89876946833224,41.44738808652483,40.66527915212048,39.54120499412473
2027-03-09,39.914102486609295,39.143645558629565,39.36856182759419,39.235322299819984,38.795173880613014,36.97999654140557,40.908241008018415,41.2971810404498,40.88160649492459,41.13703387366656,41.90848471435494,38.49877701012594,40.80947835023705,39.736691686304965,38.880145031395365,41.71472541313029,39.939403561949916,41.33084996143206,40.572052371782675,39.52939257549148
2027-03-10,40.096461696644525,38.971764937013404,39.39542874212604,39.27784185334782,38.85585178836505,36.92174494555034,41.02495439977002,41.18757067937395,40.87030400526264,41.137480793424636,41.85075538530068,38.482009518092575,40.96793476745097,39.82052518352272,38.815424993354746,41.8022363375582,39.942542374843036,41.17032179174345,40.63468572292922,39.49080447175552
2027-03-11,40.141748184482715,38.993895639629116,39.47425681275843,39.12970865279696,38.822796549553615,36.86014536890835,41.0204006190381,41.16152136689208,41.121004948896136,41.058791686446696,41.87465033021401,38.4248288741977,41.07176852761982,40.01434037328091,38.86508968774799,41.826392643712666,39.91105800406827,41.14346146863347,40.54585897981228,39.54994872141356
2027-03-12,40.22764515709658,38.959477088302535,39.51555425082028,39.25601107723334,38.805050914200955,36.74583589380236,40.76036260513147,41.20327535532758,41.06262245790398,41.024819883681715,41.84559754029163,38.30765865798138,41.12760254501564,39.93204681589075,38.89487072923147,41.93967567695248,39.87725141099938,41.18112201811483,40.43862116534023,39.7356241534424
2027-03-13,40.19514714654582,39.15326018034686,39.58326341938364,39.18207870219389,38.65297466183534,36.80023744354282,40.81101334088735,41.08823125683548,40.974582409927045,41.02104544222597,41.662832635299715,38.341893516427696,41.02959139949887,39.66637652456216,38.73958079646367,41.949268600918955,39.82495255819741,40.99855496765753,40.56164142956444,39.7970986105026
2027-03-14,40.20092094331001,39.139910942117815,39.44062273727387,39.129075953043134,38.69927801361354,36.869290354321414,40.57078296679676,41.00709790814739,40.83991636370187,41.011548694151585,41.65446316337933,38.44030784412161,41.03998620788024,39.621909581177704,38.579625674327914,41.960168122405555,39.6551243279127,41.06832139595021,40.595958105089736,39.64071853038965
2027-03-15,40.126601684808485,39.31513739235204,39.47760384268152,39.13137491203262,38.528821036040156,36.907878015776454,40.723388010583854,40.96424547541349,41.08425175718155,40.80457903269442,41.52569241842117,38.475954393628484,40.98370786129879,39.68158085673441,38.6298912002321,41.96233600954435,39.69650127559443,41.14413215602647,40.56766766695441,39.49963407303403
2027-03-16,40.229506940304766,39.20564605244066,39.44914345837495,38.976673954793014,38.612237940918035,37.017069961621075,40.73727232965177,40.80637201752239,41.166030691750635,40.757712224794275,41.32961691470343,38.70943947916569,40.98123596320156,39.69886795574361,38.55501281017147,41.730895569709425,39.722006598294875,41.142698249734664,40.63235089498851,39.461116908038306
2027-03-17,40.104630012464185,39.26993035819593,39.40233229558712,39.00533182151876,38.63251431501279,37.04110366204364,40.83945033972491,40.756826583371804,41.12356644884363,40.75937345276528,41.33685579117525,38.86093823591056,40.94896819903597,39.72891476850429,38.59302960556929,41.71234997572763,39.811542491619235,41.04321542492583,40.62967894635446,39.436296311872994
2027-03-18,40.18586526912191,39.306488653379965,39.49504228036529,39.109157192400374,38.88111056983546,37.0944456019004,40.73868079527356,40.76514919882251,41.25141689255973,40.725140762118,41.38193713301295,38.83576385669263,40.7263893484295,39.867415324511484,38.67917396410378,41.630014729850565,39.757267168008426,40.93257774371683,40.66669337566947,39.26242697197155
2027-03-19,40.16472697451243,39.221077513957184,39.65038490332288,39.1437396963305,38.77554318753175,37.13902757144201,40.56980539972317,40.7183231990562,41.318406005891234,40.69479132993819,41.43101658991617,38.80967993863295,40.84160948245123,39.90776301733721,38.55806353610041,41.49215424603224,39.95555351087207,41.03698521577924,40.57631470867513,39.35031374122324
2027-03-20,40.28661142868365,39.243314851191734,39.8382231255038,38.98627648419596,38.77160792518445,37.145081699211865,40.59414140571387,40.685409659431066,41.5234093165402,40.74266664604433,41.48426612372912,38.863547463479584,40.828185786377,39.99140219994633,38.423894276471664,41.63921567280726,39.916092837038654,40.86964719238047,40.792768198236764,39.242316339346694
2027-03-21,40.36390177724087,39.3716313671434,39.97586848373209,38.9790153742135,38.96044925920945,37.10854850714793,40.5871759800901,40.679383930494325,41.347477203787506,40.6239140931378,41.26726530292365,38.78463843662302,40.771873482488566,39.89339834225018,38.60046576636051,41.684743216408094,39.82537998365773,40.9783585520392,40.72662113053162,39.39948791868368
2027-03-22,40.553950715525886,39.34165161610399,39.964420133932514,39.059933569524304,39.08723015891508,37.33870939576815,40.53179368926664,40.60597238469759,41.31124446258426,40.44816553429058,41.11384169184602,38.90925994566114,40.707923214964296,39.77999102819834,38.64327220029012,41.67196749607731,39.723075846515734,40.95515551216221,40.88813844416269,39.59022245223997
2027-03-23,40.62815637988138,39.171778271566694,40.0012731476523,38.87393063864925,39.021079062554776,37.308603301946526,40.5376855591266,40.67577374365504,41.254014174421854,40.40884244988916,41.31974700172487,38.95173329897193,40.74197075365098,39.948938497554344,38.60816868975225,41.60115864979031,39.54514222958195,40.93950067738031,40.86295472654796,39.566677434705134
2027-03-24,40.45827746705292,39.174325255372615,40.081240049969374,38.77098805752553,39.04903747669641,37.25788434162542,40.82832885855333,40.82458018473402,41.03506521969139,40.48709668184964,41.19956089556556,38.98332522756977,40.64285803828798,39.959599184672996,38.52152351971852,41.62425329630624,39.70593387893222,40.75215255900824,40.944181388906465,39.61424060897621
2027-03-25,40.44855624378549,39.08651642820153,40.0933331879412,38.866247790268126,39.05423898116009,37.314438161551855,40.91260379072646,40.77046460065703,41.14286429618557,40.66292607995099,41.25847566205565,39.05861583239585,40.400765065564556,39.89475954291245,38.4780369226515,41.72285136123791,39.84969478344889,40.7322729183558,41.01732514968369,39.48907002282721
2027-03-26,40.322466088642926,39.05641368077562,40.106367004641065,38.89962104285356,39.087953286425964,37.35301177745582,41.019591723001504,40.817717381266675,41.10738428917497,40.74219266920307,41.17748877672651,39.2395483208301,40.44136319511077,39.83056898663973,38.36669374541395,41.62319839510058,39.9128880994335,40.79335249081612,41.134459755396065,39.55602149338895
2027-03-27,40.266074621493196,39.05305805356135,40.19193769735392,38.947254750181074,39.02154571649485,37.23014552187764,41.10422171872994,40.78756013640617,41.1805060491138,40.58220253833045,41.17938426227614,39.26103541996141,40.49360843871355,39.76395452396276,38.46385107630331,41.61349179354662,39.82002033005212,40.64686379759276,41.03793253687928,39.50691213719327
2027-03-28,40.423552130058646,38.8846053467168,40.18453396606915,39.142235874247355,39.0175961995388,37.35386564455035,41.256915579592345,40.82198712389743,41.42810752350221,40.55426783898711,41.10474016402473,39.253320668220475,40.46967398982263,39.69161732433509,38.394057540216515,41.69869909310727,40.00949334476133,40.696074811950055,41.14736685049905,39.397536438254626
2027-03-29,40.48838051011384,38.72688523301892,40.10699993669813,39.19462175460493,38.86039717340085,37.35851931556975,41.229353783311254,40.98440318687874,41.381874037304144,40.5782432115826,41.158742802051705,39.41206137445372,40.34594029306569,39.56049554834898,38.51224191861608,41.479039498193345,39.97260675062189,40.701553572450806,41.339546949157395,39.37093485954921
2027-03-30,40.411798576219134,38.78234177044106,40.06293080348326,39.26618342816873,38.880103245824074,37.264164623192094,41.00199512243254,41.033242923680405,41.32862091641359,40.59372921165203,41.16687243543882,39.51473960063502,40.35326788465511,39.408173339331064,38.47983961594643,41.464446023774514,39.94457255723536,40.62925189194383,41.30408290073333,39.326391230790165
2027-03-31,40.302664189866455,38.73589242713543,40.128765113435435,39.548743243359795,38.93168441253531,37.394260353941675,40.976149285624814,40.83799454770195,41.33390127584911,40.6474789960136,41.112154590299696,39.48415825725265,40.19730175907723,39.39120013050768,38.38322210724765,41.40975658224061,40.09480946932649,40.71634286774397,41.30044611332185,39.29655241607493
2027-04-01,40.3043147931529,38.48416868284871,40.128237270741835,39.5290018571154,38.91421034382152,37.46900644940244,41.057477640439316,40.88162779201263,41.432942518610474,40.54664611103234,40.99338283957273,39.48735655677429,40.0884982649904,39.33346933324984,38.349062349993005,41.38732977836652,40.16314138327854,40.4790014442896,41.2367342031878,39.39772421408705
